r2,rmse,mae,features,model,target,input,strategy,fold,n_train,n_test,seed,model_path
0.9851052165031433,0.7645577368405863,0.5878860354423523,embedding,ridge,temperature,16S,random_kfold,0,978,245,42,...
0.9852744936943054,0.7602008269394068,0.5817052125930786,embedding,knn,temperature,16S,random_kfold,0,978,245,42,...
0.7138336896896362,3.351218323719728,2.4100918769836426,raw,ridge,temperature,16S,random_kfold,0,978,245,42,...
0.9569559097290039,1.2997213174979356,0.9567360281944275,raw,knn,temperature,16S,random_kfold,0,978,245,42,...
0.9859939217567444,0.7643082642761894,0.5599890947341919,embedding,ridge,temperature,16S,random_kfold,1,978,245,42,...
0.9841917753219604,0.8119921197320938,0.5782451629638672,embedding,knn,temperature,16S,random_kfold,1,978,245,42,...
0.7482396364212036,3.240442601573025,2.450005054473877,raw,ridge,temperature,16S,random_kfold,1,978,245,42,...
0.9466683268547058,1.4914317189315465,0.9929786920547485,raw,knn,temperature,16S,random_kfold,1,978,245,42,...
0.985126256942749,0.7946365931770727,0.5844405293464661,embedding,ridge,temperature,16S,random_kfold,2,978,245,42,...
0.9841845631599426,0.8194053720509038,0.5954135060310364,embedding,knn,temperature,16S,random_kfold,2,978,245,42,...
0.7238031625747681,3.424267215720853,2.5733683109283447,raw,ridge,temperature,16S,random_kfold,2,978,245,42,...
0.9237489700317383,1.7992072850009904,1.1748077869415283,raw,knn,temperature,16S,random_kfold,2,978,245,42,...
0.9852495789527893,0.7401003754044637,0.5540999174118042,embedding,ridge,temperature,16S,random_kfold,3,979,244,42,...
0.9835277199745178,0.7821060068715091,0.5832445025444031,embedding,knn,temperature,16S,random_kfold,3,979,244,42,...
0.5697957873344421,3.996923455607494,2.654188394546509,raw,ridge,temperature,16S,random_kfold,3,979,244,42,...
0.9466254115104675,1.4078480435540668,1.0466549396514893,raw,knn,temperature,16S,random_kfold,3,979,244,42,...
0.9840781092643738,0.7674716555303795,0.553238034248352,embedding,ridge,temperature,16S,random_kfold,4,979,244,42,...
0.9824503660202026,0.8057479537289278,0.5657557249069214,embedding,knn,temperature,16S,random_kfold,4,979,244,42,...
0.6191287040710449,3.753652065852925,2.4329466819763184,raw,ridge,temperature,16S,random_kfold,4,979,244,42,...
0.9382285475730896,1.5116764821691062,1.0234501361846924,raw,knn,temperature,16S,random_kfold,4,979,244,42,...
0.5993914604187012,1.440742401833781,1.1436412334442139,embedding,ridge,temperature,16S,temporal_holdout,0,978,245,42,...
0.4509105682373047,1.6867385135144755,1.383506417274475,embedding,knn,temperature,16S,temporal_holdout,0,978,245,42,...
-8.332035064697266,6.95367498044326,4.339844703674316,raw,ridge,temperature,16S,temporal_holdout,0,978,245,42,...
-0.42176854610443115,2.7141926595325363,2.2285819053649902,raw,knn,temperature,16S,temporal_holdout,0,978,245,42,...
0.7502658367156982,1.845964750286068,1.460766077041626,embedding,ridge,temperature,16S,temporal_blocked_kfold,0,978,245,42,...
0.6625393629074097,2.145833160499146,1.6773203611373901,embedding,knn,temperature,16S,temporal_blocked_kfold,0,978,245,42,...
-10.442625999450684,12.495315894827288,7.840813159942627,raw,ridge,temperature,16S,temporal_blocked_kfold,0,978,245,42,...
-0.26868462562561035,4.160650691348054,3.212616205215454,raw,knn,temperature,16S,temporal_blocked_kfold,0,978,245,42,...
0.689113438129425,1.8279010602941193,1.4306700229644775,embedding,ridge,temperature,16S,temporal_blocked_kfold,1,978,245,42,...
0.646933913230896,1.947958498690891,1.4018522500991821,embedding,knn,temperature,16S,temporal_blocked_kfold,1,978,245,42,...
-6.418362617492676,8.92905993187916,5.539520263671875,raw,ridge,temperature,16S,temporal_blocked_kfold,1,978,245,42,...
0.22939014434814453,2.877855458514221,2.2288284301757812,raw,knn,temperature,16S,temporal_blocked_kfold,1,978,245,42,...
0.7078624367713928,2.1476986256093036,1.5829529762268066,embedding,ridge,temperature,16S,temporal_blocked_kfold,2,978,245,42,...
0.6435956358909607,2.3721991637888804,1.8513383865356445,embedding,knn,temperature,16S,temporal_blocked_kfold,2,978,245,42,...
0.09997326135635376,3.7697048008947163,2.68404221534729,raw,ridge,temperature,16S,temporal_blocked_kfold,2,978,245,42,...
0.4334452748298645,2.9908908195706987,2.4363694190979004,raw,knn,temperature,16S,temporal_blocked_kfold,2,978,245,42,...
-0.1852245330810547,1.3413013059503507,1.0551390647888184,embedding,ridge,temperature,16S,temporal_blocked_kfold,3,979,244,42,...
-0.4113583564758301,1.4636750709126187,1.1282354593276978,embedding,knn,temperature,16S,temporal_blocked_kfold,3,979,244,42,...
-18.626354217529297,5.458154670567417,4.148617744445801,raw,ridge,temperature,16S,temporal_blocked_kfold,3,979,244,42,...
-5.267974376678467,3.0845344540889656,1.9301460981369019,raw,knn,temperature,16S,temporal_blocked_kfold,3,979,244,42,...
0.6264653205871582,1.392785697543896,1.1071289777755737,embedding,ridge,temperature,16S,temporal_blocked_kfold,4,979,244,42,...
0.48323702812194824,1.6381908706526158,1.3445239067077637,embedding,knn,temperature,16S,temporal_blocked_kfold,4,979,244,42,...
-6.214008331298828,6.120785255667453,4.052966594696045,raw,ridge,temperature,16S,temporal_blocked_kfold,4,979,244,42,...
-0.4346567392349243,2.7295610176920757,2.250537395477295,raw,knn,temperature,16S,temporal_blocked_kfold,4,979,244,42,...
0.9926722645759583,0.5003854636671357,0.38197949528694153,embedding,ridge,temperature,16S,leave_one_site_out,0,1136,87,42,...
0.9902290105819702,0.5778149727190253,0.42945176362991333,embedding,knn,temperature,16S,leave_one_site_out,0,1136,87,42,...
0.7043558359146118,3.1783696473368708,2.4230973720550537,raw,ridge,temperature,16S,leave_one_site_out,0,1136,87,42,...
0.9704074859619141,1.0055657115503027,0.7143856287002563,raw,knn,temperature,16S,leave_one_site_out,0,1136,87,42,...
0.9849810004234314,0.7439734804364622,0.573461651802063,embedding,ridge,temperature,16S,leave_one_site_out,1,1139,84,42,...
0.9842561483383179,0.7617150722317063,0.5643591284751892,embedding,knn,temperature,16S,leave_one_site_out,1,1139,84,42,...
0.6432299017906189,3.6260279809258273,2.5923819541931152,raw,ridge,temperature,16S,leave_one_site_out,1,1139,84,42,...
0.9487782120704651,1.3739293438347842,1.0046453475952148,raw,knn,temperature,16S,leave_one_site_out,1,1139,84,42,...
0.9936809539794922,0.4737759403383884,0.35317182540893555,embedding,ridge,temperature,16S,leave_one_site_out,2,1141,82,42,...
0.991826057434082,0.5388433314950485,0.37871912121772766,embedding,knn,temperature,16S,leave_one_site_out,2,1141,82,42,...
0.7130521535873413,3.192623732640252,2.3507890701293945,raw,ridge,temperature,16S,leave_one_site_out,2,1141,82,42,...
0.9644606709480286,1.1235714955858636,0.7691510915756226,raw,knn,temperature,16S,leave_one_site_out,2,1141,82,42,...
0.9913325905799866,0.5286838881101702,0.4109613299369812,embedding,ridge,temperature,16S,leave_one_site_out,3,1135,88,42,...
0.9901375770568848,0.5639521345547807,0.41797611117362976,embedding,knn,temperature,16S,leave_one_site_out,3,1135,88,42,...
0.6857553720474243,3.183354243531048,2.3992013931274414,raw,ridge,temperature,16S,leave_one_site_out,3,1135,88,42,...
0.8756635189056396,2.002397887904188,1.2048054933547974,raw,knn,temperature,16S,leave_one_site_out,3,1135,88,42,...
0.9787470698356628,0.8409175661489426,0.6475574374198914,embedding,ridge,temperature,16S,leave_one_site_out,4,1134,89,42,...
0.9781602025032043,0.8524484487927239,0.6231633424758911,embedding,knn,temperature,16S,leave_one_site_out,4,1134,89,42,...
0.3842763304710388,4.5262324472596385,2.8611807823181152,raw,ridge,temperature,16S,leave_one_site_out,4,1134,89,42,...
0.8932299613952637,1.8848143892452986,1.2132285833358765,raw,knn,temperature,16S,leave_one_site_out,4,1134,89,42,...
0.5459007024765015,4.837452788208833,3.640636444091797,embedding,ridge,temperature,16S,leave_one_site_out,5,1132,91,42,...
0.36931824684143066,5.700939355377446,4.160611152648926,embedding,knn,temperature,16S,leave_one_site_out,5,1132,91,42,...
-0.888615608215332,9.86536371889817,5.558577060699463,raw,ridge,temperature,16S,leave_one_site_out,5,1132,91,42,...
0.8614039421081543,2.672494113869247,2.0074782371520996,raw,knn,temperature,16S,leave_one_site_out,5,1132,91,42,...
0.9850731492042542,0.7525920976949252,0.581118643283844,embedding,ridge,temperature,16S,leave_one_site_out,6,1133,90,42,...
0.9847872853279114,0.7597647228088514,0.5799721479415894,embedding,knn,temperature,16S,leave_one_site_out,6,1133,90,42,...
0.6280072927474976,3.7570165477202453,2.4736084938049316,raw,ridge,temperature,16S,leave_one_site_out,6,1133,90,42,...
0.9543759822845459,1.3157481464370755,0.9573549032211304,raw,knn,temperature,16S,leave_one_site_out,6,1133,90,42,...
0.9887574315071106,0.7007875797321831,0.553125262260437,embedding,ridge,temperature,16S,leave_one_site_out,7,1134,89,42,...
0.9870181679725647,0.7530466030993793,0.5795637369155884,embedding,knn,temperature,16S,leave_one_site_out,7,1134,89,42,...
0.7542033195495605,3.27673858038479,2.3446192741394043,raw,ridge,temperature,16S,leave_one_site_out,7,1134,89,42,...
0.9477962255477905,1.5100965840353504,0.9915505647659302,raw,knn,temperature,16S,leave_one_site_out,7,1134,89,42,...
0.9879525899887085,0.7246754659860127,0.566573977470398,embedding,ridge,temperature,16S,leave_one_site_out,8,1132,91,42,...
0.9903843402862549,0.6474218342337879,0.5082235932350159,embedding,knn,temperature,16S,leave_one_site_out,8,1132,91,42,...
0.7842735052108765,3.0665424681129454,2.232703685760498,raw,ridge,temperature,16S,leave_one_site_out,8,1132,91,42,...
0.9682126045227051,1.1771303972045792,0.8369857668876648,raw,knn,temperature,16S,leave_one_site_out,8,1132,91,42,...
0.9880324006080627,0.7155251095948939,0.5329416394233704,embedding,ridge,temperature,16S,leave_one_site_out,9,1135,88,42,...
0.9879391193389893,0.7183083130785741,0.5390506982803345,embedding,knn,temperature,16S,leave_one_site_out,9,1135,88,42,...
0.7779439091682434,3.0821407864327965,2.373599052429199,raw,ridge,temperature,16S,leave_one_site_out,9,1135,88,42,...
0.9757686853408813,1.018144680462909,0.7343812584877014,raw,knn,temperature,16S,leave_one_site_out,9,1135,88,42,...
0.9912753701210022,0.6167452712695342,0.4538584053516388,embedding,ridge,temperature,16S,leave_one_site_out,10,1137,86,42,...
0.9855276942253113,0.7943301611250163,0.5510857701301575,embedding,knn,temperature,16S,leave_one_site_out,10,1137,86,42,...
0.6839053630828857,3.7122765624756666,2.4365906715393066,raw,ridge,temperature,16S,leave_one_site_out,10,1137,86,42,...
0.981737494468689,0.892302856737348,0.7058281302452087,raw,knn,temperature,16S,leave_one_site_out,10,1137,86,42,...
0.9800050258636475,0.962793031896219,0.7066233158111572,embedding,ridge,temperature,16S,leave_one_site_out,11,1134,89,42,...
0.9805067181587219,0.9506381689660559,0.6751377582550049,embedding,knn,temperature,16S,leave_one_site_out,11,1134,89,42,...
0.4807511568069458,4.906369930672415,2.9146955013275146,raw,ridge,temperature,16S,leave_one_site_out,11,1134,89,42,...
0.9350352883338928,1.7354467019194935,1.0911705493927002,raw,knn,temperature,16S,leave_one_site_out,11,1134,89,42,...
0.9865655303001404,0.68079988938705,0.48197466135025024,embedding,ridge,temperature,16S,leave_one_site_out,12,1138,85,42,...
0.9869977235794067,0.6697596806847863,0.46541181206703186,embedding,knn,temperature,16S,leave_one_site_out,12,1138,85,42,...
0.6319077610969543,3.563590836411081,2.618757963180542,raw,ridge,temperature,16S,leave_one_site_out,12,1138,85,42,...
0.9245692491531372,1.6131835612353573,0.9911110401153564,raw,knn,temperature,16S,leave_one_site_out,12,1138,85,42,...
0.9803205728530884,0.8293923451062345,0.6088899970054626,embedding,ridge,temperature,16S,leave_one_site_out,13,1139,84,42,...
0.979785680770874,0.8405892190798707,0.5896681547164917,embedding,knn,temperature,16S,leave_one_site_out,13,1139,84,42,...
0.5856348276138306,3.805796373517917,2.7529971599578857,raw,ridge,temperature,16S,leave_one_site_out,13,1139,84,42,...
0.9476437568664551,1.3528145519865797,0.9400060772895813,raw,knn,temperature,16S,leave_one_site_out,13,1139,84,42,...
0.9852735996246338,0.7602245837212132,0.5720201134681702,embedding,ridge,temperature,18S,random_kfold,0,978,245,42,...
0.9836441278457642,0.8011811537184387,0.6132296919822693,embedding,knn,temperature,18S,random_kfold,0,978,245,42,...
0.8685867786407471,2.2709785088379326,1.6968944072723389,raw,ridge,temperature,18S,random_kfold,0,978,245,42,...
0.8848028779029846,2.1262500676374296,1.457215428352356,raw,knn,temperature,18S,random_kfold,0,978,245,42,...
0.9851627349853516,0.7866607978030753,0.560440719127655,embedding,ridge,temperature,18S,random_kfold,1,978,245,42,...
0.9820855855941772,0.8643951134537844,0.6224029064178467,embedding,knn,temperature,18S,random_kfold,1,978,245,42,...
0.7918736934661865,2.9462808084799033,2.013869285583496,raw,ridge,temperature,18S,random_kfold,1,978,245,42,...
0.8127954006195068,2.794273402534908,1.742434024810791,raw,knn,temperature,18S,random_kfold,1,978,245,42,...
0.9866683483123779,0.7523166322822027,0.5711784958839417,embedding,ridge,temperature,18S,random_kfold,2,978,245,42,...
0.9850181341171265,0.7975201706443127,0.5992507338523865,embedding,knn,temperature,18S,random_kfold,2,978,245,42,...
0.6643358469009399,3.7749461441745704,2.121581554412842,raw,ridge,temperature,18S,random_kfold,2,978,245,42,...
0.8809277415275574,2.248348053510969,1.5028603076934814,raw,knn,temperature,18S,random_kfold,2,978,245,42,...
0.9838070273399353,0.7754468152804241,0.5808424949645996,embedding,ridge,temperature,18S,random_kfold,3,979,244,42,...
0.9845989942550659,0.7562461868694423,0.5682556629180908,embedding,knn,temperature,18S,random_kfold,3,979,244,42,...
0.8271393775939941,2.5335914237746606,1.6863412857055664,raw,ridge,temperature,18S,random_kfold,3,979,244,42,...
0.8527235984802246,2.338595100137883,1.479068636894226,raw,knn,temperature,18S,random_kfold,3,979,244,42,...
0.9837057590484619,0.776394096244071,0.561802089214325,embedding,ridge,temperature,18S,random_kfold,4,979,244,42,...
0.9852971434593201,0.7375066013364019,0.5343344211578369,embedding,knn,temperature,18S,random_kfold,4,979,244,42,...
0.8531476259231567,2.3308020440043724,1.7027658224105835,raw,ridge,temperature,18S,random_kfold,4,979,244,42,...
0.8002182245254517,2.718584340628069,1.7362829446792603,raw,knn,temperature,18S,random_kfold,4,979,244,42,...
0.709040641784668,1.2278416275138497,0.9947603344917297,embedding,ridge,temperature,18S,temporal_holdout,0,978,245,42,...
0.5546588897705078,1.519051836577097,1.2484427690505981,embedding,knn,temperature,18S,temporal_holdout,0,978,245,42,...
-17.14407730102539,9.696023058923679,6.061765670776367,raw,ridge,temperature,18S,temporal_holdout,0,978,245,42,...
-0.28366589546203613,2.5790051431771004,1.986196756362915,raw,knn,temperature,18S,temporal_holdout,0,978,245,42,...
0.6613715887069702,2.149542839771617,1.6992607116699219,embedding,ridge,temperature,18S,temporal_blocked_kfold,0,978,245,42,...
0.560024619102478,2.450183441145514,1.9858672618865967,embedding,knn,temperature,18S,temporal_blocked_kfold,0,978,245,42,...
-101.50889587402344,37.399446893365784,15.225645065307617,raw,ridge,temperature,18S,temporal_blocked_kfold,0,978,245,42,...
-0.41633856296539307,4.396103885273549,3.2559590339660645,raw,knn,temperature,18S,temporal_blocked_kfold,0,978,245,42,...
0.784750759601593,1.520976656426765,1.1432104110717773,embedding,ridge,temperature,18S,temporal_blocked_kfold,1,978,245,42,...
0.6520494222640991,1.9337951555263002,1.4205082654953003,embedding,knn,temperature,18S,temporal_blocked_kfold,1,978,245,42,...
-637.2618408203125,82.82303883412362,34.0245246887207,raw,ridge,temperature,18S,temporal_blocked_kfold,1,978,245,42,...
-1.4243524074554443,5.104457530343176,4.181800365447998,raw,knn,temperature,18S,temporal_blocked_kfold,1,978,245,42,...
0.6525951027870178,2.3420576979568803,1.8684430122375488,embedding,ridge,temperature,18S,temporal_blocked_kfold,2,978,245,42,...
0.5335076451301575,2.7139503820405375,2.186228036880493,embedding,knn,temperature,18S,temporal_blocked_kfold,2,978,245,42,...
-13.1332426071167,14.938277858767462,7.3003153800964355,raw,ridge,temperature,18S,temporal_blocked_kfold,2,978,245,42,...
-0.6696044206619263,5.134361463030884,4.094533920288086,raw,knn,temperature,18S,temporal_blocked_kfold,2,978,245,42,...
-0.023999333381652832,1.2467399045949692,0.9537659883499146,embedding,ridge,temperature,18S,temporal_blocked_kfold,3,979,244,42,...
-0.16438519954681396,1.3294571870938037,1.0364686250686646,embedding,knn,temperature,18S,temporal_blocked_kfold,3,979,244,42,...
-311.6046447753906,21.78330390692749,13.198124885559082,raw,ridge,temperature,18S,temporal_blocked_kfold,3,979,244,42,...
-4.166726589202881,2.8004883170065513,1.8807450532913208,raw,knn,temperature,18S,temporal_blocked_kfold,3,979,244,42,...
0.7083972096443176,1.2305935750952606,0.995380699634552,embedding,ridge,temperature,18S,temporal_blocked_kfold,4,979,244,42,...
0.5684499144554138,1.4970434774941208,1.235111117362976,embedding,knn,temperature,18S,temporal_blocked_kfold,4,979,244,42,...
-17.295747756958008,9.74751445682116,6.113289833068848,raw,ridge,temperature,18S,temporal_blocked_kfold,4,979,244,42,...
-0.28703224658966064,2.5853153644381286,1.995640516281128,raw,knn,temperature,18S,temporal_blocked_kfold,4,979,244,42,...
0.9857887029647827,0.6968459247288478,0.5307523012161255,embedding,ridge,temperature,18S,leave_one_site_out,0,1136,87,42,...
0.9857721328735352,0.6972520971188034,0.5156422257423401,embedding,knn,temperature,18S,leave_one_site_out,0,1136,87,42,...
0.6337707042694092,3.537498549605972,2.635519027709961,raw,ridge,temperature,18S,leave_one_site_out,0,1136,87,42,...
0.8002382516860962,2.6126175338370508,1.838516116142273,raw,knn,temperature,18S,leave_one_site_out,0,1136,87,42,...
0.9806790351867676,0.8438223701805639,0.6067414879798889,embedding,ridge,temperature,18S,leave_one_site_out,1,1139,84,42,...
0.9751918315887451,0.9561676176898818,0.6837042570114136,embedding,knn,temperature,18S,leave_one_site_out,1,1139,84,42,...
0.8253421187400818,2.5370616365071865,1.8721177577972412,raw,ridge,temperature,18S,leave_one_site_out,1,1139,84,42,...
0.6024132370948792,3.8278321446096784,2.4387099742889404,raw,knn,temperature,18S,leave_one_site_out,1,1139,84,42,...
0.9909664988517761,0.5664664400939261,0.43582627177238464,embedding,ridge,temperature,18S,leave_one_site_out,2,1141,82,42,...
0.9885063767433167,0.6389611665181757,0.4944012761116028,embedding,knn,temperature,18S,leave_one_site_out,2,1141,82,42,...
0.7977691292762756,2.6802170121879825,1.9579964876174927,raw,ridge,temperature,18S,leave_one_site_out,2,1141,82,42,...
0.7446255087852478,3.0118613994771812,1.9349942207336426,raw,knn,temperature,18S,leave_one_site_out,2,1141,82,42,...
0.9844987988471985,0.7070229672110123,0.503906786441803,embedding,ridge,temperature,18S,leave_one_site_out,3,1135,88,42,...
0.9893909096717834,0.584911185108693,0.4464489221572876,embedding,knn,temperature,18S,leave_one_site_out,3,1135,88,42,...
0.7437185049057007,2.874813903093032,1.9990383386611938,raw,ridge,temperature,18S,leave_one_site_out,3,1135,88,42,...
0.7663785815238953,2.744779052319335,1.7755749225616455,raw,knn,temperature,18S,leave_one_site_out,3,1135,88,42,...
0.9846624732017517,0.7143667745575563,0.5343352556228638,embedding,ridge,temperature,18S,leave_one_site_out,4,1134,89,42,...
0.9829095602035522,0.7540851440065081,0.4985680878162384,embedding,knn,temperature,18S,leave_one_site_out,4,1134,89,42,...
0.7055580615997314,3.1299960063872287,1.9511624574661255,raw,ridge,temperature,18S,leave_one_site_out,4,1134,89,42,...
0.8523837327957153,2.216210644884091,1.6739223003387451,raw,knn,temperature,18S,leave_one_site_out,4,1134,89,42,...
0.8883469104766846,2.3987043897020794,1.7605572938919067,embedding,ridge,temperature,18S,leave_one_site_out,5,1132,91,42,...
0.9212642312049866,2.0143144472154146,1.5715521574020386,embedding,knn,temperature,18S,leave_one_site_out,5,1132,91,42,...
-41.419010162353516,46.75430294368637,19.832719802856445,raw,ridge,temperature,18S,leave_one_site_out,5,1132,91,42,...
0.9151886105537415,2.090587447988136,1.5941450595855713,raw,knn,temperature,18S,leave_one_site_out,5,1132,91,42,...
0.9844926595687866,0.7670869299082349,0.5815857648849487,embedding,ridge,temperature,18S,leave_one_site_out,6,1133,90,42,...
0.9808265566825867,0.8529550208366767,0.6150645613670349,embedding,knn,temperature,18S,leave_one_site_out,6,1133,90,42,...
0.10963159799575806,5.81247046678485,2.1785874366760254,raw,ridge,temperature,18S,leave_one_site_out,6,1133,90,42,...
0.7519450187683105,3.0679612025825485,1.8949099779129028,raw,knn,temperature,18S,leave_one_site_out,6,1133,90,42,...
0.9882411360740662,0.7166989958664407,0.5119066834449768,embedding,ridge,temperature,18S,leave_one_site_out,7,1134,89,42,...
0.9877042174339294,0.7328780724442994,0.5319714546203613,embedding,knn,temperature,18S,leave_one_site_out,7,1134,89,42,...
0.7977964878082275,2.971995617397358,1.9853099584579468,raw,ridge,temperature,18S,leave_one_site_out,7,1134,89,42,...
0.9183785319328308,1.8882345425025993,1.1977417469024658,raw,knn,temperature,18S,leave_one_site_out,7,1134,89,42,...
0.9895846843719482,0.6738042412547111,0.5326754450798035,embedding,ridge,temperature,18S,leave_one_site_out,8,1132,91,42,...
0.9897671341896057,0.6678765439646268,0.5272584557533264,embedding,knn,temperature,18S,leave_one_site_out,8,1132,91,42,...
0.8349671959877014,2.6821456622536632,1.7634005546569824,raw,ridge,temperature,18S,leave_one_site_out,8,1132,91,42,...
0.9315329790115356,1.7275794301079628,1.1693131923675537,raw,knn,temperature,18S,leave_one_site_out,8,1132,91,42,...
0.9918402433395386,0.5908254071481015,0.4714907705783844,embedding,ridge,temperature,18S,leave_one_site_out,9,1135,88,42,...
0.9923276305198669,0.5729102972427957,0.4439905285835266,embedding,knn,temperature,18S,leave_one_site_out,9,1135,88,42,...
0.9021652340888977,2.0458212899386425,1.509653091430664,raw,ridge,temperature,18S,leave_one_site_out,9,1135,88,42,...
0.9064547419548035,2.000469987006752,1.1401753425598145,raw,knn,temperature,18S,leave_one_site_out,9,1135,88,42,...
0.9914950132369995,0.6089314044379889,0.4563245475292206,embedding,ridge,temperature,18S,leave_one_site_out,10,1137,86,42,...
0.9922847747802734,0.5799699419141832,0.41089746356010437,embedding,knn,temperature,18S,leave_one_site_out,10,1137,86,42,...
0.8308597207069397,2.7155343693577754,1.6429349184036255,raw,ridge,temperature,18S,leave_one_site_out,10,1137,86,42,...
0.8814591765403748,2.2733472039292715,1.1638903617858887,raw,knn,temperature,18S,leave_one_site_out,10,1137,86,42,...
0.9844502806663513,0.8490510355568884,0.6598243117332458,embedding,ridge,temperature,18S,leave_one_site_out,11,1134,89,42,...
0.9848347902297974,0.8384882434073094,0.650490939617157,embedding,knn,temperature,18S,leave_one_site_out,11,1134,89,42,...
0.8339739441871643,2.7743460872799584,1.6575039625167847,raw,ridge,temperature,18S,leave_one_site_out,11,1134,89,42,...
0.9579759836196899,1.395793610572211,0.8991904854774475,raw,knn,temperature,18S,leave_one_site_out,11,1134,89,42,...
0.9847750663757324,0.7247482536876492,0.5124399065971375,embedding,ridge,temperature,18S,leave_one_site_out,12,1138,85,42,...
0.9832645058631897,0.7598517597081469,0.5232868790626526,embedding,knn,temperature,18S,leave_one_site_out,12,1138,85,42,...
0.8481242656707764,2.2890418771068664,1.817537546157837,raw,ridge,temperature,18S,leave_one_site_out,12,1138,85,42,...
0.8119539022445679,2.547074854211741,1.7334636449813843,raw,knn,temperature,18S,leave_one_site_out,12,1138,85,42,...
0.9807315468788147,0.8206867272664832,0.6088975071907043,embedding,ridge,temperature,18S,leave_one_site_out,13,1139,84,42,...
0.9764306545257568,0.9076697967826488,0.6890298128128052,embedding,knn,temperature,18S,leave_one_site_out,13,1139,84,42,...
0.7829421162605286,2.7544932504108335,2.071913719177246,raw,ridge,temperature,18S,leave_one_site_out,13,1139,84,42,...
0.8748530745506287,2.0915298077718365,1.3708395957946777,raw,knn,temperature,18S,leave_one_site_out,13,1139,84,42,...
0.9862871766090393,0.7335953327523445,0.5615980625152588,embedding,ridge,temperature,16S+18S,random_kfold,0,978,245,42,...
0.9867492318153381,0.7211314016908699,0.5551773905754089,embedding,knn,temperature,16S+18S,random_kfold,0,978,245,42,...
0.8751879334449768,2.2132056366418995,1.5547142028808594,raw,ridge,temperature,16S+18S,random_kfold,0,978,245,42,...
0.9412860870361328,1.5179724849825784,0.984807550907135,raw,knn,temperature,16S+18S,random_kfold,0,978,245,42,...
0.9862483143806458,0.7573359062429275,0.5546518564224243,embedding,ridge,temperature,16S+18S,random_kfold,1,978,245,42,...
0.9849398136138916,0.7925484205670521,0.5522186756134033,embedding,knn,temperature,16S+18S,random_kfold,1,978,245,42,...
0.8571881651878357,2.4405783752598755,1.7160639762878418,raw,ridge,temperature,16S+18S,random_kfold,1,978,245,42,...
0.9241494536399841,1.7786478812418627,1.1092901229858398,raw,knn,temperature,16S+18S,random_kfold,1,978,245,42,...
0.9865207672119141,0.7564687711947584,0.56786048412323,embedding,ridge,temperature,16S+18S,random_kfold,2,978,245,42,...
0.9854716658592224,0.7853553481581151,0.5726858973503113,embedding,knn,temperature,16S+18S,random_kfold,2,978,245,42,...
0.8218113780021667,2.7504152504645174,1.832064151763916,raw,ridge,temperature,16S+18S,random_kfold,2,978,245,42,...
0.9143145680427551,1.9072680647046156,1.186043620109558,raw,knn,temperature,16S+18S,random_kfold,2,978,245,42,...
0.9866647720336914,0.7037018211297272,0.5286015868186951,embedding,ridge,temperature,16S+18S,random_kfold,3,979,244,42,...
0.9856619834899902,0.7296808655006328,0.5447912812232971,embedding,knn,temperature,16S+18S,random_kfold,3,979,244,42,...
0.7969454526901245,2.745963949551696,1.6305603981018066,raw,ridge,temperature,16S+18S,random_kfold,3,979,244,42,...
0.9474625587463379,1.3967637429531667,1.0109323263168335,raw,knn,temperature,16S+18S,random_kfold,3,979,244,42,...
0.9867891669273376,0.6990857344114103,0.509921133518219,embedding,ridge,temperature,16S+18S,random_kfold,4,979,244,42,...
0.9863571524620056,0.7104237135670951,0.5049869418144226,embedding,knn,temperature,16S+18S,random_kfold,4,979,244,42,...
0.8619239926338196,2.2600808546068327,1.575103759765625,raw,ridge,temperature,16S+18S,random_kfold,4,979,244,42,...
0.9539827704429626,1.3047436913365005,0.9276355504989624,raw,knn,temperature,16S+18S,random_kfold,4,979,244,42,...
0.5891966819763184,1.4589592907241642,1.174669623374939,embedding,ridge,temperature,16S+18S,temporal_holdout,0,978,245,42,...
0.4181097149848938,1.7363879233190989,1.4528499841690063,embedding,knn,temperature,16S+18S,temporal_holdout,0,978,245,42,...
-11.03810977935791,7.897785948491109,4.887697696685791,raw,ridge,temperature,16S+18S,temporal_holdout,0,978,245,42,...
0.10322612524032593,2.155597643370339,1.7779347896575928,raw,knn,temperature,16S+18S,temporal_holdout,0,978,245,42,...
0.724855899810791,1.937601825130337,1.5207452774047852,embedding,ridge,temperature,16S+18S,temporal_blocked_kfold,0,978,245,42,...
0.6719697713851929,2.1156378561105416,1.6584293842315674,embedding,knn,temperature,16S+18S,temporal_blocked_kfold,0,978,245,42,...
-59.315895080566406,28.68800104239739,12.429330825805664,raw,ridge,temperature,16S+18S,temporal_blocked_kfold,0,978,245,42,...
-0.42686760425567627,4.412413918841536,3.5151937007904053,raw,knn,temperature,16S+18S,temporal_blocked_kfold,0,978,245,42,...
0.7725675702095032,1.5634281453552916,1.2416768074035645,embedding,ridge,temperature,16S+18S,temporal_blocked_kfold,1,978,245,42,...
0.7072284817695618,1.7738468857180312,1.3547093868255615,embedding,knn,temperature,16S+18S,temporal_blocked_kfold,1,978,245,42,...
-334.3822021484375,60.0373784937871,25.986234664916992,raw,ridge,temperature,16S+18S,temporal_blocked_kfold,1,978,245,42,...
-0.8015002012252808,4.400164141627742,3.587672710418701,raw,knn,temperature,16S+18S,temporal_blocked_kfold,1,978,245,42,...
0.7557861804962158,1.9636530216390293,1.5002391338348389,embedding,ridge,temperature,16S+18S,temporal_blocked_kfold,2,978,245,42,...
0.6677008867263794,2.2905736108196244,1.8714807033538818,embedding,knn,temperature,16S+18S,temporal_blocked_kfold,2,978,245,42,...
-15.85188102722168,16.311873266815688,5.897195816040039,raw,ridge,temperature,16S+18S,temporal_blocked_kfold,2,978,245,42,...
0.09642356634140015,3.777131288662012,2.9841442108154297,raw,knn,temperature,16S+18S,temporal_blocked_kfold,2,978,245,42,...
0.11919629573822021,1.1562869091844457,0.9057186841964722,embedding,ridge,temperature,16S+18S,temporal_blocked_kfold,3,979,244,42,...
-0.13955974578857422,1.315208456102971,1.0428006649017334,embedding,knn,temperature,16S+18S,temporal_blocked_kfold,3,979,244,42,...
-234.83676147460938,18.920463729885327,11.469664573669434,raw,ridge,temperature,16S+18S,temporal_blocked_kfold,3,979,244,42,...
-2.255183696746826,2.222868522067859,1.5183991193771362,raw,knn,temperature,16S+18S,temporal_blocked_kfold,3,979,244,42,...
0.6033973693847656,1.4351476412594366,1.1641844511032104,embedding,ridge,temperature,16S+18S,temporal_blocked_kfold,4,979,244,42,...
0.4657360315322876,1.6656999009344824,1.382738709449768,embedding,knn,temperature,16S+18S,temporal_blocked_kfold,4,979,244,42,...
-10.396685600280762,7.693219050192711,4.8130011558532715,raw,ridge,temperature,16S+18S,temporal_blocked_kfold,4,979,244,42,...
0.09991800785064697,2.162020715069052,1.787935495376587,raw,knn,temperature,16S+18S,temporal_blocked_kfold,4,979,244,42,...
0.9919514656066895,0.5244181258116993,0.3800155818462372,embedding,ridge,temperature,16S+18S,leave_one_site_out,0,1136,87,42,...
0.9881361126899719,0.6366976166944921,0.448451429605484,embedding,knn,temperature,16S+18S,leave_one_site_out,0,1136,87,42,...
0.8602430820465088,2.185276536355122,1.7780709266662598,raw,ridge,temperature,16S+18S,leave_one_site_out,0,1136,87,42,...
0.8700864315032959,2.1069148658459382,1.3815829753875732,raw,knn,temperature,16S+18S,leave_one_site_out,0,1136,87,42,...
0.9829838275909424,0.7918960381221982,0.5921966433525085,embedding,ridge,temperature,16S+18S,leave_one_site_out,1,1139,84,42,...
0.983349621295929,0.78333732235346,0.5659518241882324,embedding,knn,temperature,16S+18S,leave_one_site_out,1,1139,84,42,...
0.8158459067344666,2.605119444438911,1.8676379919052124,raw,ridge,temperature,16S+18S,leave_one_site_out,1,1139,84,42,...
0.9091292023658752,1.8299917487703672,1.2782903909683228,raw,knn,temperature,16S+18S,leave_one_site_out,1,1139,84,42,...
0.9925243258476257,0.5153129673869533,0.3980022668838501,embedding,ridge,temperature,16S+18S,leave_one_site_out,2,1141,82,42,...
0.9912091493606567,0.5588067988941218,0.3777534067630768,embedding,knn,temperature,16S+18S,leave_one_site_out,2,1141,82,42,...
0.8461171984672546,2.337982507364508,1.7462091445922852,raw,ridge,temperature,16S+18S,leave_one_site_out,2,1141,82,42,...
0.911213755607605,1.7759025347702897,1.0730979442596436,raw,knn,temperature,16S+18S,leave_one_site_out,2,1141,82,42,...
0.9887390732765198,0.6026118897580852,0.4828539192676544,embedding,ridge,temperature,16S+18S,leave_one_site_out,3,1135,88,42,...
0.9898864030838013,0.5710898549251041,0.4287331700325012,embedding,knn,temperature,16S+18S,leave_one_site_out,3,1135,88,42,...
0.8558696508407593,2.1559007887086072,1.5741188526153564,raw,ridge,temperature,16S+18S,leave_one_site_out,3,1135,88,42,...
0.8930643200874329,1.8570020263323928,1.147314190864563,raw,knn,temperature,16S+18S,leave_one_site_out,3,1135,88,42,...
0.9837730526924133,0.7347884130518535,0.5452315807342529,embedding,ridge,temperature,16S+18S,leave_one_site_out,4,1134,89,42,...
0.981307864189148,0.7886300365428051,0.5800493955612183,embedding,knn,temperature,16S+18S,leave_one_site_out,4,1134,89,42,...
0.5066884756088257,4.051394968802389,2.1222026348114014,raw,ridge,temperature,16S+18S,leave_one_site_out,4,1134,89,42,...
0.8795915246009827,2.001577827817786,1.2314131259918213,raw,knn,temperature,16S+18S,leave_one_site_out,4,1134,89,42,...
0.746145486831665,3.6168767742062324,2.6508893966674805,embedding,ridge,temperature,16S+18S,leave_one_site_out,5,1132,91,42,...
0.8181813955307007,3.0609798161695805,2.385174512863159,embedding,knn,temperature,16S+18S,leave_one_site_out,5,1132,91,42,...
-24.276485443115234,36.09106118231528,15.885531425476074,raw,ridge,temperature,16S+18S,leave_one_site_out,5,1132,91,42,...
0.8971730470657349,2.301944354480948,1.731066346168518,raw,knn,temperature,16S+18S,leave_one_site_out,5,1132,91,42,...
0.9858288764953613,0.7332936706076294,0.5412359237670898,embedding,ridge,temperature,16S+18S,leave_one_site_out,6,1133,90,42,...
0.9846386909484863,0.7634666537863894,0.5771104097366333,embedding,knn,temperature,16S+18S,leave_one_site_out,6,1133,90,42,...
0.7197760343551636,3.2608328524195254,1.7544606924057007,raw,ridge,temperature,16S+18S,leave_one_site_out,6,1133,90,42,...
0.8927410840988159,2.0174029884507605,1.162106990814209,raw,knn,temperature,16S+18S,leave_one_site_out,6,1133,90,42,...
0.9896466135978699,0.6725038424456561,0.5119650959968567,embedding,ridge,temperature,16S+18S,leave_one_site_out,7,1134,89,42,...
0.9890044927597046,0.6930457036964514,0.5246471762657166,embedding,knn,temperature,16S+18S,leave_one_site_out,7,1134,89,42,...
0.8800495862960815,2.289046876613172,1.6171565055847168,raw,ridge,temperature,16S+18S,leave_one_site_out,7,1134,89,42,...
0.9657751321792603,1.2227130425763804,0.8630985021591187,raw,knn,temperature,16S+18S,leave_one_site_out,7,1134,89,42,...
0.9904746413230896,0.6443741578060533,0.5018542408943176,embedding,ridge,temperature,16S+18S,leave_one_site_out,8,1132,91,42,...
0.9911231398582458,0.6220522268591641,0.501159131526947,embedding,knn,temperature,16S+18S,leave_one_site_out,8,1132,91,42,...
0.8771430253982544,2.314180227681108,1.5510287284851074,raw,ridge,temperature,16S+18S,leave_one_site_out,8,1132,91,42,...
0.9747672080993652,1.048768622559264,0.7940745949745178,raw,knn,temperature,16S+18S,leave_one_site_out,8,1132,91,42,...
0.9901956915855408,0.6476341924834079,0.4959013760089874,embedding,ridge,temperature,16S+18S,leave_one_site_out,9,1135,88,42,...
0.9900590181350708,0.652133290953795,0.505389392375946,embedding,knn,temperature,16S+18S,leave_one_site_out,9,1135,88,42,...
0.9242270588874817,1.800438043487612,1.2762621641159058,raw,ridge,temperature,16S+18S,leave_one_site_out,9,1135,88,42,...
0.9804970622062683,0.9134214712923243,0.7015110850334167,raw,knn,temperature,16S+18S,leave_one_site_out,9,1135,88,42,...
0.9927606582641602,0.5618005748675221,0.40619975328445435,embedding,ridge,temperature,16S+18S,leave_one_site_out,10,1137,86,42,...
0.9918743371963501,0.5951972689705664,0.4089895784854889,embedding,knn,temperature,16S+18S,leave_one_site_out,10,1137,86,42,...
0.8422127366065979,2.6228156310951016,1.5846786499023438,raw,ridge,temperature,16S+18S,leave_one_site_out,10,1137,86,42,...
0.9676024317741394,1.1884692402647794,0.7349904775619507,raw,knn,temperature,16S+18S,leave_one_site_out,10,1137,86,42,...
0.9835447669029236,0.8734223584549943,0.6121166348457336,embedding,ridge,temperature,16S+18S,leave_one_site_out,11,1134,89,42,...
0.9836068153381348,0.8717747579395005,0.6154213547706604,embedding,knn,temperature,16S+18S,leave_one_site_out,11,1134,89,42,...
0.5108743906021118,4.761927036051654,2.141386032104492,raw,ridge,temperature,16S+18S,leave_one_site_out,11,1134,89,42,...
0.9774783849716187,1.0218150549988556,0.7627098560333252,raw,knn,temperature,16S+18S,leave_one_site_out,11,1134,89,42,...
0.9848670959472656,0.7225547513048892,0.48944225907325745,embedding,ridge,temperature,16S+18S,leave_one_site_out,12,1138,85,42,...
0.9825423955917358,0.7760711681382333,0.4885699152946472,embedding,knn,temperature,16S+18S,leave_one_site_out,12,1138,85,42,...
0.8813529014587402,2.0231966442377476,1.4966729879379272,raw,ridge,temperature,16S+18S,leave_one_site_out,12,1138,85,42,...
0.9379581809043884,1.4630253198848424,0.9722576141357422,raw,knn,temperature,16S+18S,leave_one_site_out,12,1138,85,42,...
0.9752793312072754,0.9295741741447904,0.6788071990013123,embedding,ridge,temperature,16S+18S,leave_one_site_out,13,1139,84,42,...
0.9796218872070312,0.8439870077620197,0.5973755717277527,embedding,knn,temperature,16S+18S,leave_one_site_out,13,1139,84,42,...
0.8251110315322876,2.472493291369402,1.643432378768921,raw,ridge,temperature,16S+18S,leave_one_site_out,13,1139,84,42,...
0.9448724985122681,1.3881554266949792,1.0482736825942993,raw,knn,temperature,16S+18S,leave_one_site_out,13,1139,84,42,...
0.9745739698410034,0.9056327954279947,0.5328015685081482,embedding,ridge,salinity,16S,random_kfold,0,973,244,42,...
0.9732204079627991,0.9294261404716574,0.5354351997375488,embedding,knn,salinity,16S,random_kfold,0,973,244,42,...
0.7628988027572632,2.7655381873347347,2.023244619369507,raw,ridge,salinity,16S,random_kfold,0,973,244,42,...
0.8969337940216064,1.823353923853367,1.2283397912979126,raw,knn,salinity,16S,random_kfold,0,973,244,42,...
0.9646941423416138,0.9615536396956081,0.5439977049827576,embedding,ridge,salinity,16S,random_kfold,1,973,244,42,...
0.9594243168830872,1.030820757224594,0.5872201323509216,embedding,knn,salinity,16S,random_kfold,1,973,244,42,...
0.7300411462783813,2.6588816452972726,1.7981011867523193,raw,ridge,salinity,16S,random_kfold,1,973,244,42,...
0.8461043238639832,2.007536279105877,1.3592921495437622,raw,knn,salinity,16S,random_kfold,1,973,244,42,...
0.9778552055358887,0.7269590792650387,0.5165480971336365,embedding,ridge,salinity,16S,random_kfold,2,974,243,42,...
0.977128803730011,0.7387854252307542,0.5131427645683289,embedding,knn,salinity,16S,random_kfold,2,974,243,42,...
0.7328360676765442,2.5250095631635503,1.750571370124817,raw,ridge,salinity,16S,random_kfold,2,974,243,42,...
0.8714607954025269,1.7514266602028576,1.2376118898391724,raw,knn,salinity,16S,random_kfold,2,974,243,42,...
0.9679251313209534,0.9537851205161525,0.5636919140815735,embedding,ridge,salinity,16S,random_kfold,3,974,243,42,...
0.9672408103942871,0.9639060525682173,0.5739328265190125,embedding,knn,salinity,16S,random_kfold,3,974,243,42,...
0.7655342817306519,2.5787408266630116,1.7532697916030884,raw,ridge,salinity,16S,random_kfold,3,974,243,42,...
0.8925132751464844,1.746004652783988,1.2282172441482544,raw,knn,salinity,16S,random_kfold,3,974,243,42,...
0.9562976956367493,1.0674107330663232,0.5926656126976013,embedding,ridge,salinity,16S,random_kfold,4,974,243,42,...
0.9516332149505615,1.122930796056025,0.6106100082397461,embedding,knn,salinity,16S,random_kfold,4,974,243,42,...
0.6160902976989746,3.163690389721953,1.9999408721923828,raw,ridge,salinity,16S,random_kfold,4,974,243,42,...
0.8449262976646423,2.0107057854357304,1.3162871599197388,raw,knn,salinity,16S,random_kfold,4,974,243,42,...
0.9271318316459656,1.1807057110655828,0.7423305511474609,embedding,ridge,salinity,16S,temporal_holdout,0,974,243,42,...
0.9180936217308044,1.25179029051475,0.8256934285163879,embedding,knn,salinity,16S,temporal_holdout,0,974,243,42,...
0.225225031375885,3.84999817191737,2.644798994064331,raw,ridge,salinity,16S,temporal_holdout,0,974,243,42,...
0.8020390868186951,1.9460879699057643,1.3774142265319824,raw,knn,salinity,16S,temporal_holdout,0,974,243,42,...
0.8967964053153992,1.5541130039608446,1.1383512020111084,embedding,ridge,salinity,16S,temporal_blocked_kfold,0,973,244,42,...
0.8326628804206848,1.9789339698389186,1.4601558446884155,embedding,knn,salinity,16S,temporal_blocked_kfold,0,973,244,42,...
-6.554749965667725,13.296741310102014,7.404272079467773,raw,ridge,salinity,16S,temporal_blocked_kfold,0,973,244,42,...
0.7230410575866699,2.545909019714534,1.8048739433288574,raw,knn,salinity,16S,temporal_blocked_kfold,0,973,244,42,...
0.9298848509788513,1.2156292010629428,0.9139395952224731,embedding,ridge,salinity,16S,temporal_blocked_kfold,1,973,244,42,...
0.9092584848403931,1.3829235312504204,1.0140154361724854,embedding,knn,salinity,16S,temporal_blocked_kfold,1,973,244,42,...
-1.1779532432556152,6.775158092723482,3.730804204940796,raw,ridge,salinity,16S,temporal_blocked_kfold,1,973,244,42,...
0.7671987414360046,2.2150718396594486,1.591642141342163,raw,knn,salinity,16S,temporal_blocked_kfold,1,973,244,42,...
0.8935984373092651,1.6725406212998448,1.194784164428711,embedding,ridge,salinity,16S,temporal_blocked_kfold,2,974,243,42,...
0.8905843496322632,1.6960645141612094,1.1889175176620483,embedding,knn,salinity,16S,temporal_blocked_kfold,2,974,243,42,...
0.27533310651779175,4.364875194954524,2.748281955718994,raw,ridge,salinity,16S,temporal_blocked_kfold,2,974,243,42,...
0.7106485962867737,2.758134428691502,1.9528188705444336,raw,knn,salinity,16S,temporal_blocked_kfold,2,974,243,42,...
0.9550259113311768,1.0384271156143094,0.6392782926559448,embedding,ridge,salinity,16S,temporal_blocked_kfold,3,974,243,42,...
0.9553074240684509,1.0351715086766025,0.6182439923286438,embedding,knn,salinity,16S,temporal_blocked_kfold,3,974,243,42,...
0.6799600124359131,2.770108742490256,1.9054628610610962,raw,ridge,salinity,16S,temporal_blocked_kfold,3,974,243,42,...
0.7496843934059143,2.4498451806801502,1.976877212524414,raw,knn,salinity,16S,temporal_blocked_kfold,3,974,243,42,...
0.9271318316459656,1.1807057110655828,0.7423305511474609,embedding,ridge,salinity,16S,temporal_blocked_kfold,4,974,243,42,...
0.9180936217308044,1.25179029051475,0.8256934285163879,embedding,knn,salinity,16S,temporal_blocked_kfold,4,974,243,42,...
0.225225031375885,3.84999817191737,2.644798994064331,raw,ridge,salinity,16S,temporal_blocked_kfold,4,974,243,42,...
0.8020390868186951,1.9460879699057643,1.3774142265319824,raw,knn,salinity,16S,temporal_blocked_kfold,4,974,243,42,...
0.9606807827949524,0.560386209357508,0.3987739086151123,embedding,ridge,salinity,16S,leave_one_site_out,0,1130,87,42,...
0.9716019630432129,0.47624383496877326,0.33931782841682434,embedding,knn,salinity,16S,leave_one_site_out,0,1130,87,42,...
0.46803247928619385,2.061235676120566,1.4882407188415527,raw,ridge,salinity,16S,leave_one_site_out,0,1130,87,42,...
0.6937980651855469,1.5638282470886027,0.9999880790710449,raw,knn,salinity,16S,leave_one_site_out,0,1130,87,42,...
0.968372642993927,0.513412410055722,0.372346967458725,embedding,ridge,salinity,16S,leave_one_site_out,1,1133,84,42,...
0.9601357579231262,0.576403503411425,0.3543379306793213,embedding,knn,salinity,16S,leave_one_site_out,1,1133,84,42,...
0.5409563779830933,1.9559681454738465,1.3694281578063965,raw,ridge,salinity,16S,leave_one_site_out,1,1133,84,42,...
0.7447665929794312,1.4584903723314295,1.010712742805481,raw,knn,salinity,16S,leave_one_site_out,1,1133,84,42,...
0.9619471430778503,0.5679791151777426,0.4023832380771637,embedding,ridge,salinity,16S,leave_one_site_out,2,1135,82,42,...
0.9568049907684326,0.6051395136387554,0.41244158148765564,embedding,knn,salinity,16S,leave_one_site_out,2,1135,82,42,...
0.3948456645011902,2.2650188819148744,1.6311440467834473,raw,ridge,salinity,16S,leave_one_site_out,2,1135,82,42,...
0.7208454012870789,1.5383712068044328,1.0295096635818481,raw,knn,salinity,16S,leave_one_site_out,2,1135,82,42,...
0.9206119179725647,0.7969838610322929,0.443145751953125,embedding,ridge,salinity,16S,leave_one_site_out,3,1129,88,42,...
0.9331872463226318,0.7311414996780187,0.41908061504364014,embedding,knn,salinity,16S,leave_one_site_out,3,1129,88,42,...
0.4492456316947937,2.099185322366551,1.6030807495117188,raw,ridge,salinity,16S,leave_one_site_out,3,1129,88,42,...
0.5188628435134888,1.96203278732513,1.146997094154358,raw,knn,salinity,16S,leave_one_site_out,3,1129,88,42,...
0.6843297481536865,1.450339323657591,0.7221647500991821,embedding,ridge,salinity,16S,leave_one_site_out,4,1129,88,42,...
0.6780813932418823,1.4646231116386625,0.7454116344451904,embedding,knn,salinity,16S,leave_one_site_out,4,1129,88,42,...
0.34115421772003174,2.095292732890831,1.4459075927734375,raw,ridge,salinity,16S,leave_one_site_out,4,1129,88,42,...
0.14951258897781372,2.380601901870964,1.6966652870178223,raw,knn,salinity,16S,leave_one_site_out,4,1129,88,42,...
-224.03160095214844,3.968255680568265,3.4409074783325195,embedding,ridge,salinity,16S,leave_one_site_out,5,1127,90,42,...
-204.79449462890625,3.794851258269248,3.0252935886383057,embedding,knn,salinity,16S,leave_one_site_out,5,1127,90,42,...
-1013.666748046875,8.426352137156117,6.449667930603027,raw,ridge,salinity,16S,leave_one_site_out,5,1127,90,42,...
-1088.25048828125,8.73055307915089,7.559146404266357,raw,knn,salinity,16S,leave_one_site_out,5,1127,90,42,...
0.9503939151763916,0.7317184529048325,0.5328462719917297,embedding,ridge,salinity,16S,leave_one_site_out,6,1128,89,42,...
0.9496040940284729,0.7375205829140382,0.5444017052650452,embedding,knn,salinity,16S,leave_one_site_out,6,1128,89,42,...
0.43109554052352905,2.4779710103664554,1.5355017185211182,raw,ridge,salinity,16S,leave_one_site_out,6,1128,89,42,...
0.7885578870773315,1.510679296702229,1.1250536441802979,raw,knn,salinity,16S,leave_one_site_out,6,1128,89,42,...
0.9732239246368408,0.7486919281208643,0.539865255355835,embedding,ridge,salinity,16S,leave_one_site_out,7,1129,88,42,...
0.9652591347694397,0.8528056738312225,0.6520248055458069,embedding,knn,salinity,16S,leave_one_site_out,7,1129,88,42,...
0.7804874777793884,2.1436771436049797,1.6139121055603027,raw,ridge,salinity,16S,leave_one_site_out,7,1129,88,42,...
0.9042460322380066,1.4158200464341815,1.060020923614502,raw,knn,salinity,16S,leave_one_site_out,7,1129,88,42,...
0.9102413654327393,1.4198353149391876,0.7538117170333862,embedding,ridge,salinity,16S,leave_one_site_out,8,1127,90,42,...
0.9101570248603821,1.420502136126815,0.8253788352012634,embedding,knn,salinity,16S,leave_one_site_out,8,1127,90,42,...
0.7239372730255127,2.4900246924589275,1.8775233030319214,raw,ridge,salinity,16S,leave_one_site_out,8,1127,90,42,...
0.8611068725585938,1.7662010265993149,1.1736681461334229,raw,knn,salinity,16S,leave_one_site_out,8,1127,90,42,...
0.9402903914451599,1.068761718418058,0.5859876871109009,embedding,ridge,salinity,16S,leave_one_site_out,9,1130,87,42,...
0.9259105324745178,1.1905210114170552,0.6361544132232666,embedding,knn,salinity,16S,leave_one_site_out,9,1130,87,42,...
0.8252774477005005,1.8282404154022003,1.3832558393478394,raw,ridge,salinity,16S,leave_one_site_out,9,1130,87,42,...
0.9145013093948364,1.278905770890712,1.002780795097351,raw,knn,salinity,16S,leave_one_site_out,9,1130,87,42,...
0.977332353591919,0.7233381198982514,0.5518001914024353,embedding,ridge,salinity,16S,leave_one_site_out,10,1131,86,42,...
0.9726742506027222,0.7941902036337908,0.593069851398468,embedding,knn,salinity,16S,leave_one_site_out,10,1131,86,42,...
0.6904934644699097,2.6728419288737606,1.9529646635055542,raw,ridge,salinity,16S,leave_one_site_out,10,1131,86,42,...
0.8570325970649719,1.8165898712211814,1.3456250429153442,raw,knn,salinity,16S,leave_one_site_out,10,1131,86,42,...
0.938937783241272,1.3636170331711914,0.9419094324111938,embedding,ridge,salinity,16S,leave_one_site_out,11,1128,89,42,...
0.9275833368301392,1.4849966253377158,1.035717487335205,embedding,knn,salinity,16S,leave_one_site_out,11,1128,89,42,...
0.3661804795265198,4.393281289247275,3.0545809268951416,raw,ridge,salinity,16S,leave_one_site_out,11,1128,89,42,...
0.7684894800186157,2.655165327423999,1.9693989753723145,raw,knn,salinity,16S,leave_one_site_out,11,1128,89,42,...
0.9696298241615295,0.49846634497333464,0.3848283588886261,embedding,ridge,salinity,16S,leave_one_site_out,12,1132,85,42,...
0.9672057628631592,0.5179776934603906,0.3825220763683319,embedding,knn,salinity,16S,leave_one_site_out,12,1132,85,42,...
0.5262094736099243,1.9688174523802655,1.4688208103179932,raw,ridge,salinity,16S,leave_one_site_out,12,1132,85,42,...
0.7751948833465576,1.35617381290614,0.9754423499107361,raw,knn,salinity,16S,leave_one_site_out,12,1132,85,42,...
0.9589199423789978,0.5802183912856217,0.41166597604751587,embedding,ridge,salinity,16S,leave_one_site_out,13,1133,84,42,...
0.9480116963386536,0.6527228025076004,0.45975303649902344,embedding,knn,salinity,16S,leave_one_site_out,13,1133,84,42,...
0.17030584812164307,2.6075635092911105,1.4837274551391602,raw,ridge,salinity,16S,leave_one_site_out,13,1133,84,42,...
0.7936342358589172,1.300453167571854,0.9407469630241394,raw,knn,salinity,16S,leave_one_site_out,13,1133,84,42,...
0.9615316390991211,1.113947404691672,0.6908465623855591,embedding,ridge,salinity,18S,random_kfold,0,973,244,42,...
0.9603546857833862,1.1308596385369134,0.6879207491874695,embedding,knn,salinity,18S,random_kfold,0,973,244,42,...
0.8491859436035156,2.205635318013133,1.5158895254135132,raw,ridge,salinity,18S,random_kfold,0,973,244,42,...
0.8193541765213013,2.413941710576659,1.5601260662078857,raw,knn,salinity,18S,random_kfold,0,973,244,42,...
0.9447053074836731,1.2033497488975065,0.7680420279502869,embedding,ridge,salinity,18S,random_kfold,1,973,244,42,...
0.948959469795227,1.156133027217028,0.7186540365219116,embedding,knn,salinity,18S,random_kfold,1,973,244,42,...
0.8062032461166382,2.2528042801775694,1.6234148740768433,raw,ridge,salinity,18S,random_kfold,1,973,244,42,...
0.8061272501945496,2.2532457676450655,1.6126940250396729,raw,knn,salinity,18S,random_kfold,1,973,244,42,...
0.9677398800849915,0.87741912490839,0.6387526392936707,embedding,ridge,salinity,18S,random_kfold,2,974,243,42,...
0.9660540223121643,0.9000532796771696,0.6053297519683838,embedding,knn,salinity,18S,random_kfold,2,974,243,42,...
0.8261164426803589,2.0370576436834,1.499760627746582,raw,ridge,salinity,18S,random_kfold,2,974,243,42,...
0.8987045288085938,1.5547805068216864,1.2075244188308716,raw,knn,salinity,18S,random_kfold,2,974,243,42,...
0.9535857439041138,1.1473443674166126,0.7226470112800598,embedding,ridge,salinity,18S,random_kfold,3,974,243,42,...
0.954755961894989,1.1327879804391108,0.6962082982063293,embedding,knn,salinity,18S,random_kfold,3,974,243,42,...
0.7648059129714966,2.582742982495384,1.6287508010864258,raw,ridge,salinity,18S,random_kfold,3,974,243,42,...
0.8324300646781921,2.180047993262921,1.548465371131897,raw,knn,salinity,18S,random_kfold,3,974,243,42,...
0.9327224493026733,1.3243855059118355,0.8140649795532227,embedding,ridge,salinity,18S,random_kfold,4,974,243,42,...
0.925428569316864,1.3943300502752736,0.8367774486541748,embedding,knn,salinity,18S,random_kfold,4,974,243,42,...
0.7452367544174194,2.577197931240115,1.6529232263565063,raw,ridge,salinity,18S,random_kfold,4,974,243,42,...
0.8334022760391235,2.084077727524872,1.5157930850982666,raw,knn,salinity,18S,random_kfold,4,974,243,42,...
0.9015619158744812,1.3723166030896807,1.059853434562683,embedding,ridge,salinity,18S,temporal_holdout,0,974,243,42,...
0.8956962823867798,1.4126111586051022,1.0337023735046387,embedding,knn,salinity,18S,temporal_holdout,0,974,243,42,...
-2.0921616554260254,7.691372276064504,4.374148845672607,raw,ridge,salinity,18S,temporal_holdout,0,974,243,42,...
0.7134926319122314,2.3412114955589245,1.8387423753738403,raw,knn,salinity,18S,temporal_holdout,0,974,243,42,...
0.9074293375015259,1.4718778865324254,1.076994776725769,embedding,ridge,salinity,18S,temporal_blocked_kfold,0,973,244,42,...
0.8478888869285583,1.8867555223755408,1.3881160020828247,embedding,knn,salinity,18S,temporal_blocked_kfold,0,973,244,42,...
-107.49121856689453,50.388621568700906,15.414543151855469,raw,ridge,salinity,18S,temporal_blocked_kfold,0,973,244,42,...
0.7978135347366333,2.1752601424115476,1.4623627662658691,raw,knn,salinity,18S,temporal_blocked_kfold,0,973,244,42,...
0.8637624382972717,1.694507882575743,1.34523344039917,embedding,ridge,salinity,18S,temporal_blocked_kfold,1,973,244,42,...
0.8527403473854065,1.7617205769937518,1.375837802886963,embedding,knn,salinity,18S,temporal_blocked_kfold,1,973,244,42,...
-201.40122985839844,65.31331862525246,26.99602508544922,raw,ridge,salinity,18S,temporal_blocked_kfold,1,973,244,42,...
0.6878393292427063,2.5649816080367223,1.9686260223388672,raw,knn,salinity,18S,temporal_blocked_kfold,1,973,244,42,...
0.8249584436416626,2.1452268712568836,1.6571534872055054,embedding,ridge,salinity,18S,temporal_blocked_kfold,2,974,243,42,...
0.8227542638778687,2.158691019689374,1.6497993469238281,embedding,knn,salinity,18S,temporal_blocked_kfold,2,974,243,42,...
-276.9772644042969,85.48841467104621,18.091602325439453,raw,ridge,salinity,18S,temporal_blocked_kfold,2,974,243,42,...
0.5697216987609863,3.3633908421187306,2.551485538482666,raw,knn,salinity,18S,temporal_blocked_kfold,2,974,243,42,...
0.8865859508514404,1.6490285094175376,1.3550528287887573,embedding,ridge,salinity,18S,temporal_blocked_kfold,3,974,243,42,...
0.8865630030632019,1.6491951308734376,1.296471357345581,embedding,knn,salinity,18S,temporal_blocked_kfold,3,974,243,42,...
-1.807302474975586,8.204257734292794,5.0715413093566895,raw,ridge,salinity,18S,temporal_blocked_kfold,3,974,243,42,...
0.7051791548728943,2.658727231235334,2.1373465061187744,raw,knn,salinity,18S,temporal_blocked_kfold,3,974,243,42,...
0.9015619158744812,1.3723166030896807,1.059853434562683,embedding,ridge,salinity,18S,temporal_blocked_kfold,4,974,243,42,...
0.8956962823867798,1.4126111586051022,1.0337023735046387,embedding,knn,salinity,18S,temporal_blocked_kfold,4,974,243,42,...
-2.0921616554260254,7.691372276064504,4.374148845672607,raw,ridge,salinity,18S,temporal_blocked_kfold,4,974,243,42,...
0.7134926319122314,2.3412114955589245,1.8387423753738403,raw,knn,salinity,18S,temporal_blocked_kfold,4,974,243,42,...
0.8888722658157349,0.9420984975805471,0.6340564489364624,embedding,ridge,salinity,18S,leave_one_site_out,0,1130,87,42,...
0.8764215707778931,0.9934737211321851,0.6023726463317871,embedding,knn,salinity,18S,leave_one_site_out,0,1130,87,42,...
0.4581944942474365,2.0802081000325225,1.594944715499878,raw,ridge,salinity,18S,leave_one_site_out,0,1130,87,42,...
0.6272772550582886,1.7253531108402655,1.4054908752441406,raw,knn,salinity,18S,leave_one_site_out,0,1130,87,42,...
0.9339778423309326,0.7417876923501466,0.5683746337890625,embedding,ridge,salinity,18S,leave_one_site_out,1,1133,84,42,...
0.9122637510299683,0.8551145194696298,0.5446608662605286,embedding,knn,salinity,18S,leave_one_site_out,1,1133,84,42,...
0.5553033351898193,1.925159655799327,1.4861303567886353,raw,ridge,salinity,18S,leave_one_site_out,1,1133,84,42,...
0.3245147466659546,2.3726996273714285,1.6849324703216553,raw,knn,salinity,18S,leave_one_site_out,1,1133,84,42,...
0.9068663716316223,0.8885706917306739,0.657145082950592,embedding,ridge,salinity,18S,leave_one_site_out,2,1135,82,42,...
0.9296972155570984,0.7720136927121675,0.5570550560951233,embedding,knn,salinity,18S,leave_one_site_out,2,1135,82,42,...
0.6028086543083191,1.8350108953459126,1.3955349922180176,raw,ridge,salinity,18S,leave_one_site_out,2,1135,82,42,...
0.5165940523147583,2.0243926279467037,1.5601825714111328,raw,knn,salinity,18S,leave_one_site_out,2,1135,82,42,...
0.9026920795440674,0.882360055488067,0.5617153644561768,embedding,ridge,salinity,18S,leave_one_site_out,3,1129,88,42,...
0.9041866064071655,0.8755579599969007,0.6032383441925049,embedding,knn,salinity,18S,leave_one_site_out,3,1129,88,42,...
0.04653823375701904,2.761998530653356,1.5329598188400269,raw,ridge,salinity,18S,leave_one_site_out,3,1129,88,42,...
0.5510522127151489,1.8952639706429704,1.2854186296463013,raw,knn,salinity,18S,leave_one_site_out,3,1129,88,42,...
0.6907357573509216,1.4355478714920011,0.8085336089134216,embedding,ridge,salinity,18S,leave_one_site_out,4,1129,88,42,...
0.6597120761871338,1.5058305591641437,0.8899943828582764,embedding,knn,salinity,18S,leave_one_site_out,4,1129,88,42,...
0.15375852584838867,2.374652033964064,1.419675350189209,raw,ridge,salinity,18S,leave_one_site_out,4,1129,88,42,...
0.36844682693481445,2.0514350938712282,1.4992541074752808,raw,knn,salinity,18S,leave_one_site_out,4,1129,88,42,...
-465.4386291503906,5.7131436909761195,4.652684211730957,embedding,ridge,salinity,18S,leave_one_site_out,5,1127,90,42,...
-605.714599609375,6.515835472750903,5.019975662231445,embedding,knn,salinity,18S,leave_one_site_out,5,1127,90,42,...
-28527.607421875,44.68051464197649,20.286483764648438,raw,ridge,salinity,18S,leave_one_site_out,5,1127,90,42,...
-1414.5203857421875,9.952586113011737,8.422208786010742,raw,knn,salinity,18S,leave_one_site_out,5,1127,90,42,...
0.9322123527526855,0.8553655205022547,0.6168508529663086,embedding,ridge,salinity,18S,leave_one_site_out,6,1128,89,42,...
0.9282273054122925,0.8801488950324885,0.6745744943618774,embedding,knn,salinity,18S,leave_one_site_out,6,1128,89,42,...
0.6697766780853271,1.8879061609280512,1.3931982517242432,raw,ridge,salinity,18S,leave_one_site_out,6,1128,89,42,...
0.7480432987213135,1.64907144948538,1.299523115158081,raw,knn,salinity,18S,leave_one_site_out,6,1128,89,42,...
0.9623322486877441,0.888003456340971,0.6269868612289429,embedding,ridge,salinity,18S,leave_one_site_out,7,1129,88,42,...
0.945044994354248,1.0725890958898594,0.7429032921791077,embedding,knn,salinity,18S,leave_one_site_out,7,1129,88,42,...
0.5876227617263794,2.9381708231397483,1.7842482328414917,raw,ridge,salinity,18S,leave_one_site_out,7,1129,88,42,...
0.8612744212150574,1.704150739687088,1.2957154512405396,raw,knn,salinity,18S,leave_one_site_out,7,1129,88,42,...
0.9109957218170166,1.413856280553921,0.8481244444847107,embedding,ridge,salinity,18S,leave_one_site_out,8,1127,90,42,...
0.9023399353027344,1.4810110422530247,0.9341673254966736,embedding,knn,salinity,18S,leave_one_site_out,8,1127,90,42,...
0.8272198438644409,1.9699115656836932,1.4770628213882446,raw,ridge,salinity,18S,leave_one_site_out,8,1127,90,42,...
0.8598734140396118,1.7740265124381587,1.3505852222442627,raw,knn,salinity,18S,leave_one_site_out,8,1127,90,42,...
0.94069504737854,1.0651342050409562,0.6281505227088928,embedding,ridge,salinity,18S,leave_one_site_out,9,1130,87,42,...
0.9472581744194031,1.0044688863497537,0.606763482093811,embedding,knn,salinity,18S,leave_one_site_out,9,1130,87,42,...
0.8737187385559082,1.5542766852552357,1.2549151182174683,raw,ridge,salinity,18S,leave_one_site_out,9,1130,87,42,...
0.8882953524589539,1.461822160317939,1.1238322257995605,raw,knn,salinity,18S,leave_one_site_out,9,1130,87,42,...
0.9607536196708679,0.951783189409803,0.7209585309028625,embedding,ridge,salinity,18S,leave_one_site_out,10,1131,86,42,...
0.9486449360847473,1.088754526647887,0.7968283295631409,embedding,knn,salinity,18S,leave_one_site_out,10,1131,86,42,...
0.6605559587478638,2.799125916423928,1.6076672077178955,raw,ridge,salinity,18S,leave_one_site_out,10,1131,86,42,...
0.7879648208618164,2.2122915051170993,1.393288493156433,raw,knn,salinity,18S,leave_one_site_out,10,1131,86,42,...
0.8818159103393555,1.8970805526546568,1.3111213445663452,embedding,ridge,salinity,18S,leave_one_site_out,11,1128,89,42,...
0.8576668500900269,2.081896922518017,1.4549477100372314,embedding,knn,salinity,18S,leave_one_site_out,11,1128,89,42,...
0.778309166431427,2.59824487427509,2.051239013671875,raw,ridge,salinity,18S,leave_one_site_out,11,1128,89,42,...
0.7606219053268433,2.699904358900643,2.03631329536438,raw,knn,salinity,18S,leave_one_site_out,11,1128,89,42,...
0.9179630279541016,0.8192511822735914,0.6444399952888489,embedding,ridge,salinity,18S,leave_one_site_out,12,1132,85,42,...
0.9102675914764404,0.8568148886688838,0.6324719190597534,embedding,knn,salinity,18S,leave_one_site_out,12,1132,85,42,...
0.5255981683731079,1.9700872935400835,1.5364810228347778,raw,ridge,salinity,18S,leave_one_site_out,12,1132,85,42,...
0.466988205909729,2.0882413906713206,1.5273650884628296,raw,knn,salinity,18S,leave_one_site_out,12,1132,85,42,...
0.8961204290390015,0.9226584257638005,0.657745361328125,embedding,ridge,salinity,18S,leave_one_site_out,13,1133,84,42,...
0.8733987808227539,1.0185793821536018,0.6913546919822693,embedding,knn,salinity,18S,leave_one_site_out,13,1133,84,42,...
0.1424044966697693,2.6510451541020825,1.3910748958587646,raw,ridge,salinity,18S,leave_one_site_out,13,1133,84,42,...
0.7685835361480713,1.3771238829874906,1.0358936786651611,raw,knn,salinity,18S,leave_one_site_out,13,1133,84,42,...
0.9750860333442688,0.896467154676147,0.531539797782898,embedding,ridge,salinity,16S+18S,random_kfold,0,973,244,42,...
0.9721240997314453,0.9482596933023807,0.5414970517158508,embedding,knn,salinity,16S+18S,random_kfold,0,973,244,42,...
0.8922742605209351,1.8641141233626346,1.3699088096618652,raw,ridge,salinity,16S+18S,random_kfold,0,973,244,42,...
0.8941422700881958,1.847881150217949,1.2783116102218628,raw,knn,salinity,16S+18S,random_kfold,0,973,244,42,...
0.9607630968093872,1.0136723454057193,0.5475906133651733,embedding,ridge,salinity,16S+18S,random_kfold,1,973,244,42,...
0.961615264415741,1.002604252538636,0.5796380639076233,embedding,knn,salinity,16S+18S,random_kfold,1,973,244,42,...
0.8544990420341492,1.9520149433392602,1.3759632110595703,raw,ridge,salinity,16S+18S,random_kfold,1,973,244,42,...
0.8412325978279114,2.03906402003206,1.3805627822875977,raw,knn,salinity,16S+18S,random_kfold,1,973,244,42,...
0.981920599937439,0.6568493376926644,0.4520379304885864,embedding,ridge,salinity,16S+18S,random_kfold,2,974,243,42,...
0.9801836013793945,0.6876796357681908,0.4680086076259613,embedding,knn,salinity,16S+18S,random_kfold,2,974,243,42,...
0.8572019934654236,1.8460148623768144,1.2872271537780762,raw,ridge,salinity,16S+18S,random_kfold,2,974,243,42,...
0.9232777953147888,1.3531147857350976,1.0327863693237305,raw,knn,salinity,16S+18S,random_kfold,2,974,243,42,...
0.9698266983032227,0.9250799814648102,0.5832091569900513,embedding,ridge,salinity,16S+18S,random_kfold,3,974,243,42,...
0.9693113565444946,0.9329467830138615,0.5223321914672852,embedding,knn,salinity,16S+18S,random_kfold,3,974,243,42,...
0.8489515781402588,2.0697891437558016,1.3445154428482056,raw,ridge,salinity,16S+18S,random_kfold,3,974,243,42,...
0.8898525834083557,1.7674828941024647,1.2470695972442627,raw,knn,salinity,16S+18S,random_kfold,3,974,243,42,...
0.9560548663139343,1.07037230832698,0.5987849831581116,embedding,ridge,salinity,16S+18S,random_kfold,4,974,243,42,...
0.951457679271698,1.1249669388045678,0.6185978055000305,embedding,knn,salinity,16S+18S,random_kfold,4,974,243,42,...
0.8084548711776733,2.234678127827687,1.4776089191436768,raw,ridge,salinity,16S+18S,random_kfold,4,974,243,42,...
0.847781240940094,1.9921109053903099,1.3749028444290161,raw,knn,salinity,16S+18S,random_kfold,4,974,243,42,...
0.9333266019821167,1.1294033447660592,0.6779589056968689,embedding,ridge,salinity,16S+18S,temporal_holdout,0,974,243,42,...
0.928947925567627,1.1658995808631463,0.7380709648132324,embedding,knn,salinity,16S+18S,temporal_holdout,0,974,243,42,...
0.4653155207633972,3.1983171806570305,2.2603585720062256,raw,ridge,salinity,16S+18S,temporal_holdout,0,974,243,42,...
0.7973194122314453,1.9691501997836176,1.5250581502914429,raw,knn,salinity,16S+18S,temporal_holdout,0,974,243,42,...
0.8991718292236328,1.5361236552591806,1.1921576261520386,embedding,ridge,salinity,16S+18S,temporal_blocked_kfold,0,973,244,42,...
0.8616058826446533,1.799674465624397,1.3707988262176514,embedding,knn,salinity,16S+18S,temporal_blocked_kfold,0,973,244,42,...
-49.390296936035156,34.34065933829842,12.813420295715332,raw,ridge,salinity,16S+18S,temporal_blocked_kfold,0,973,244,42,...
0.7679280638694763,2.330485843054824,1.6768161058425903,raw,knn,salinity,16S+18S,temporal_blocked_kfold,0,973,244,42,...
0.9368913769721985,1.153292611198866,0.8519485592842102,embedding,ridge,salinity,16S+18S,temporal_blocked_kfold,1,973,244,42,...
0.9200895428657532,1.2977675618126319,0.9660645127296448,embedding,knn,salinity,16S+18S,temporal_blocked_kfold,1,973,244,42,...
-127.13893127441406,51.96796780454644,21.147403717041016,raw,ridge,salinity,16S+18S,temporal_blocked_kfold,1,973,244,42,...
0.6920207142829895,2.547744789678939,1.9553078413009644,raw,knn,salinity,16S+18S,temporal_blocked_kfold,1,973,244,42,...
0.9004839658737183,1.617518073309699,1.1260910034179688,embedding,ridge,salinity,16S+18S,temporal_blocked_kfold,2,974,243,42,...
0.887628436088562,1.7188214373914688,1.2076468467712402,embedding,knn,salinity,16S+18S,temporal_blocked_kfold,2,974,243,42,...
-87.46858978271484,48.227769226964824,11.221075057983398,raw,ridge,salinity,16S+18S,temporal_blocked_kfold,2,974,243,42,...
0.6495915651321411,3.035218148600645,2.2366175651550293,raw,knn,salinity,16S+18S,temporal_blocked_kfold,2,974,243,42,...
0.9611188173294067,0.9655272807826071,0.5845428705215454,embedding,ridge,salinity,16S+18S,temporal_blocked_kfold,3,974,243,42,...
0.9596450328826904,0.9836562726887046,0.5893714427947998,embedding,knn,salinity,16S+18S,temporal_blocked_kfold,3,974,243,42,...
-1.1926860809326172,7.250750009613095,4.425759315490723,raw,ridge,salinity,16S+18S,temporal_blocked_kfold,3,974,243,42,...
0.7765778303146362,2.3145034977706618,1.8331577777862549,raw,knn,salinity,16S+18S,temporal_blocked_kfold,3,974,243,42,...
0.9333266019821167,1.1294033447660592,0.6779589056968689,embedding,ridge,salinity,16S+18S,temporal_blocked_kfold,4,974,243,42,...
0.928947925567627,1.1658995808631463,0.7380709648132324,embedding,knn,salinity,16S+18S,temporal_blocked_kfold,4,974,243,42,...
0.4653155207633972,3.1983171806570305,2.2603585720062256,raw,ridge,salinity,16S+18S,temporal_blocked_kfold,4,974,243,42,...
0.7973194122314453,1.9691501997836176,1.5250581502914429,raw,knn,salinity,16S+18S,temporal_blocked_kfold,4,974,243,42,...
0.9527677297592163,0.6141925771062238,0.43323516845703125,embedding,ridge,salinity,16S+18S,leave_one_site_out,0,1130,87,42,...
0.9684461355209351,0.5020087838392298,0.3789302408695221,embedding,knn,salinity,16S+18S,leave_one_site_out,0,1130,87,42,...
0.5650514960289001,1.8638201240226788,1.37846040725708,raw,ridge,salinity,16S+18S,leave_one_site_out,0,1130,87,42,...
0.6846745014190674,1.5869550775949657,1.1144344806671143,raw,knn,salinity,16S+18S,leave_one_site_out,0,1130,87,42,...
0.9659999012947083,0.5323227821656827,0.36415809392929077,embedding,ridge,salinity,16S+18S,leave_one_site_out,1,1133,84,42,...
0.9620789289474487,0.5621795271201568,0.36140552163124084,embedding,knn,salinity,16S+18S,leave_one_site_out,1,1133,84,42,...
0.7111539840698242,1.5515579853587624,1.2133276462554932,raw,ridge,salinity,16S+18S,leave_one_site_out,1,1133,84,42,...
0.7144567370414734,1.5426619985329026,1.1123334169387817,raw,knn,salinity,16S+18S,leave_one_site_out,1,1133,84,42,...
0.9723809957504272,0.48388570252281976,0.34522145986557007,embedding,ridge,salinity,16S+18S,leave_one_site_out,2,1135,82,42,...
0.9605998396873474,0.57794684165153,0.40942713618278503,embedding,knn,salinity,16S+18S,leave_one_site_out,2,1135,82,42,...
0.6590145826339722,1.7002259525033843,1.2397129535675049,raw,ridge,salinity,16S+18S,leave_one_site_out,2,1135,82,42,...
0.7212966680526733,1.5371272899160509,1.0672489404678345,raw,knn,salinity,16S+18S,leave_one_site_out,2,1135,82,42,...
0.9234088063240051,0.782818821255256,0.4135808050632477,embedding,ridge,salinity,16S+18S,leave_one_site_out,3,1129,88,42,...
0.9309831261634827,0.7431037868362713,0.4029501974582672,embedding,knn,salinity,16S+18S,leave_one_site_out,3,1129,88,42,...
0.5826549530029297,1.827340242888896,1.2419978380203247,raw,ridge,salinity,16S+18S,leave_one_site_out,3,1129,88,42,...
0.6619476079940796,1.6446133772034948,1.1516621112823486,raw,knn,salinity,16S+18S,leave_one_site_out,3,1129,88,42,...
0.7027758359909058,1.4073265617255277,0.6603921055793762,embedding,ridge,salinity,16S+18S,leave_one_site_out,4,1129,88,42,...
0.6587337851524353,1.5079934599605576,0.7304050326347351,embedding,knn,salinity,16S+18S,leave_one_site_out,4,1129,88,42,...
0.1969098448753357,2.3133160981114305,1.339982032775879,raw,ridge,salinity,16S+18S,leave_one_site_out,4,1129,88,42,...
0.32051020860671997,2.127866046403765,1.526127576828003,raw,knn,salinity,16S+18S,leave_one_site_out,4,1129,88,42,...
-206.58973693847656,3.8113674295112583,3.356815814971924,embedding,ridge,salinity,16S+18S,leave_one_site_out,5,1127,90,42,...
-130.82542419433594,3.037228538407843,2.441524028778076,embedding,knn,salinity,16S+18S,leave_one_site_out,5,1127,90,42,...
-13330.935546875,30.543898712102163,14.1972017288208,raw,ridge,salinity,16S+18S,leave_one_site_out,5,1127,90,42,...
-1301.9759521484375,9.548740036219275,8.21238899230957,raw,knn,salinity,16S+18S,leave_one_site_out,5,1127,90,42,...
0.9501252174377441,0.7336974163157067,0.5215017795562744,embedding,ridge,salinity,16S+18S,leave_one_site_out,6,1128,89,42,...
0.9452702403068542,0.7685786513745316,0.5393392443656921,embedding,knn,salinity,16S+18S,leave_one_site_out,6,1128,89,42,...
0.7406712770462036,1.6730226517196694,1.2078393697738647,raw,ridge,salinity,16S+18S,leave_one_site_out,6,1128,89,42,...
0.7755931615829468,1.55630462734449,1.2172762155532837,raw,knn,salinity,16S+18S,leave_one_site_out,6,1128,89,42,...
0.9722453355789185,0.7622509002279869,0.5550748705863953,embedding,ridge,salinity,16S+18S,leave_one_site_out,7,1129,88,42,...
0.9632419943809509,0.8772144905180704,0.6457666158676147,embedding,knn,salinity,16S+18S,leave_one_site_out,7,1129,88,42,...
0.7575744986534119,2.252780467872043,1.5273756980895996,raw,ridge,salinity,16S+18S,leave_one_site_out,7,1129,88,42,...
0.9106652736663818,1.3675396710905796,1.0724176168441772,raw,knn,salinity,16S+18S,leave_one_site_out,7,1129,88,42,...
0.9128442406654358,1.3990971804766763,0.7256616353988647,embedding,ridge,salinity,16S+18S,leave_one_site_out,8,1127,90,42,...
0.9123851656913757,1.4027770496698049,0.8036043047904968,embedding,knn,salinity,16S+18S,leave_one_site_out,8,1127,90,42,...
0.8490389585494995,1.841332483250456,1.3466475009918213,raw,ridge,salinity,16S+18S,leave_one_site_out,8,1127,90,42,...
0.8706759214401245,1.704274201051041,1.2075456380844116,raw,knn,salinity,16S+18S,leave_one_site_out,8,1127,90,42,...
0.9387583136558533,1.0823866608204453,0.6111359596252441,embedding,ridge,salinity,16S+18S,leave_one_site_out,9,1130,87,42,...
0.9245024919509888,1.20178058366484,0.6344095468521118,embedding,knn,salinity,16S+18S,leave_one_site_out,9,1130,87,42,...
0.8935168385505676,1.4272477642288377,1.0954135656356812,raw,ridge,salinity,16S+18S,leave_one_site_out,9,1130,87,42,...
0.9233230352401733,1.2111317632578658,0.9036014676094055,raw,knn,salinity,16S+18S,leave_one_site_out,9,1130,87,42,...
0.9785918593406677,0.7029558826090501,0.526043713092804,embedding,ridge,salinity,16S+18S,leave_one_site_out,10,1131,86,42,...
0.968277096748352,0.8557065171726808,0.6374393701553345,embedding,knn,salinity,16S+18S,leave_one_site_out,10,1131,86,42,...
0.7935165166854858,2.1831370850323295,1.4802029132843018,raw,ridge,salinity,16S+18S,leave_one_site_out,10,1131,86,42,...
0.8768346309661865,1.6860976573540714,1.1642937660217285,raw,knn,salinity,16S+18S,leave_one_site_out,10,1131,86,42,...
0.9421436190605164,1.3273388050294834,0.9153763651847839,embedding,ridge,salinity,16S+18S,leave_one_site_out,11,1128,89,42,...
0.9333099126815796,1.4250718951911243,0.9965088367462158,embedding,knn,salinity,16S+18S,leave_one_site_out,11,1128,89,42,...
0.7889784574508667,2.5349514118782426,1.9316397905349731,raw,ridge,salinity,16S+18S,leave_one_site_out,11,1128,89,42,...
0.8036463260650635,2.4452638468914367,1.8067306280136108,raw,knn,salinity,16S+18S,leave_one_site_out,11,1128,89,42,...
0.9675432443618774,0.5153055068189852,0.40126240253448486,embedding,ridge,salinity,16S+18S,leave_one_site_out,12,1132,85,42,...
0.9691210985183716,0.5026240336653863,0.3721192181110382,embedding,knn,salinity,16S+18S,leave_one_site_out,12,1132,85,42,...
0.6793327927589417,1.619718552029925,1.2971769571304321,raw,ridge,salinity,16S+18S,leave_one_site_out,12,1132,85,42,...
0.7370415329933167,1.466749167650636,1.149385690689087,raw,knn,salinity,16S+18S,leave_one_site_out,12,1132,85,42,...
0.9581924676895142,0.58533309281148,0.42341259121894836,embedding,ridge,salinity,16S+18S,leave_one_site_out,13,1133,84,42,...
0.9473176002502441,0.6570654752437722,0.4482996463775635,embedding,knn,salinity,16S+18S,leave_one_site_out,13,1133,84,42,...
0.5103559494018555,2.003162387254996,1.1870073080062866,raw,ridge,salinity,16S+18S,leave_one_site_out,13,1133,84,42,...
0.7573736906051636,1.4100834624296024,1.0348459482192993,raw,knn,salinity,16S+18S,leave_one_site_out,13,1133,84,42,...
0.7189178466796875,0.5263084987555782,0.3358837366104126,embedding,ridge,Chl_a_log1p,16S,random_kfold,0,1149,288,42,...
0.7042363882064819,0.5398786696362078,0.3445882499217987,embedding,knn,Chl_a_log1p,16S,random_kfold,0,1149,288,42,...
0.5776889324188232,0.6451192312413225,0.45164716243743896,raw,ridge,Chl_a_log1p,16S,random_kfold,0,1149,288,42,...
0.663069486618042,0.5762274246593131,0.3861444294452667,raw,knn,Chl_a_log1p,16S,random_kfold,0,1149,288,42,...
0.7842376232147217,0.40636996185314944,0.2771913409233093,embedding,ridge,Chl_a_log1p,16S,random_kfold,1,1149,288,42,...
0.7290792465209961,0.45536001422254596,0.3052523732185364,embedding,knn,Chl_a_log1p,16S,random_kfold,1,1149,288,42,...
0.5249069929122925,0.6030080444707151,0.43150076270103455,raw,ridge,Chl_a_log1p,16S,random_kfold,1,1149,288,42,...
0.6763831973075867,0.49767898735192473,0.3433952033519745,raw,knn,Chl_a_log1p,16S,random_kfold,1,1149,288,42,...
0.8386974334716797,0.37816941496981166,0.2595588266849518,embedding,ridge,Chl_a_log1p,16S,random_kfold,2,1150,287,42,...
0.8285799026489258,0.38984919756368513,0.2781965732574463,embedding,knn,Chl_a_log1p,16S,random_kfold,2,1150,287,42,...
0.3686484694480896,0.7481718033735842,0.4658433794975281,raw,ridge,Chl_a_log1p,16S,random_kfold,2,1150,287,42,...
0.7407801747322083,0.47940200921056564,0.33139777183532715,raw,knn,Chl_a_log1p,16S,random_kfold,2,1150,287,42,...
0.8433126211166382,0.372261038528801,0.24971438944339752,embedding,ridge,Chl_a_log1p,16S,random_kfold,3,1150,287,42,...
0.8311262130737305,0.3864663967240752,0.2768654227256775,embedding,knn,Chl_a_log1p,16S,random_kfold,3,1150,287,42,...
0.6524624228477478,0.5544105160592443,0.407044380903244,raw,ridge,Chl_a_log1p,16S,random_kfold,3,1150,287,42,...
0.7555882930755615,0.46493433222029334,0.3213934898376465,raw,knn,Chl_a_log1p,16S,random_kfold,3,1150,287,42,...
0.7351559996604919,0.48640908482770456,0.3055678606033325,embedding,ridge,Chl_a_log1p,16S,random_kfold,4,1150,287,42,...
0.7100083827972412,0.5089783709882625,0.32557955384254456,embedding,knn,Chl_a_log1p,16S,random_kfold,4,1150,287,42,...
0.5581333637237549,0.6282785256494419,0.44289830327033997,raw,ridge,Chl_a_log1p,16S,random_kfold,4,1150,287,42,...
0.6751853823661804,0.5386719878641277,0.3580760955810547,raw,knn,Chl_a_log1p,16S,random_kfold,4,1150,287,42,...
0.8133829236030579,0.39337616082508997,0.29633355140686035,embedding,ridge,Chl_a_log1p,16S,temporal_holdout,0,1150,287,42,...
0.7783955335617065,0.4286685131866519,0.3271902799606323,embedding,knn,Chl_a_log1p,16S,temporal_holdout,0,1150,287,42,...
-0.26106953620910645,1.0225908111314603,0.6956496238708496,raw,ridge,Chl_a_log1p,16S,temporal_holdout,0,1150,287,42,...
0.5896049737930298,0.583355644912003,0.4362277388572693,raw,knn,Chl_a_log1p,16S,temporal_holdout,0,1150,287,42,...
0.6779502630233765,0.5900571828545421,0.47063228487968445,embedding,ridge,Chl_a_log1p,16S,temporal_blocked_kfold,0,1149,288,42,...
0.6887354850769043,0.580092767087538,0.43602967262268066,embedding,knn,Chl_a_log1p,16S,temporal_blocked_kfold,0,1149,288,42,...
-138.38771057128906,12.275660827624833,3.703061103820801,raw,ridge,Chl_a_log1p,16S,temporal_blocked_kfold,0,1149,288,42,...
0.35578835010528564,0.8345395458146936,0.6263657212257385,raw,knn,Chl_a_log1p,16S,temporal_blocked_kfold,0,1149,288,42,...
0.689464807510376,0.5392956436852727,0.3976435363292694,embedding,ridge,Chl_a_log1p,16S,temporal_blocked_kfold,1,1149,288,42,...
0.6821292042732239,0.5456282163527381,0.3969974219799042,embedding,knn,Chl_a_log1p,16S,temporal_blocked_kfold,1,1149,288,42,...
-133.68280029296875,11.231236726459011,4.374374866485596,raw,ridge,Chl_a_log1p,16S,temporal_blocked_kfold,1,1149,288,42,...
0.5924057364463806,0.6178535537316227,0.4328690767288208,raw,knn,Chl_a_log1p,16S,temporal_blocked_kfold,1,1149,288,42,...
0.4829205274581909,0.6385476694452388,0.4193197786808014,embedding,ridge,Chl_a_log1p,16S,temporal_blocked_kfold,2,1150,287,42,...
0.45698434114456177,0.6543661963336078,0.4474339485168457,embedding,knn,Chl_a_log1p,16S,temporal_blocked_kfold,2,1150,287,42,...
-0.33147096633911133,1.0246617224203174,0.6334860324859619,raw,ridge,Chl_a_log1p,16S,temporal_blocked_kfold,2,1150,287,42,...
0.31789904832839966,0.7333967714252672,0.5058701634407043,raw,knn,Chl_a_log1p,16S,temporal_blocked_kfold,2,1150,287,42,...
0.31297963857650757,0.550902224843284,0.4377284646034241,embedding,ridge,Chl_a_log1p,16S,temporal_blocked_kfold,3,1150,287,42,...
0.26902836561203003,0.5682507178406517,0.41954731941223145,embedding,knn,Chl_a_log1p,16S,temporal_blocked_kfold,3,1150,287,42,...
-44.22444152832031,4.4696790889780065,1.681022047996521,raw,ridge,Chl_a_log1p,16S,temporal_blocked_kfold,3,1150,287,42,...
0.33598053455352783,0.5416018618429123,0.4203377664089203,raw,knn,Chl_a_log1p,16S,temporal_blocked_kfold,3,1150,287,42,...
0.8133829236030579,0.39337616082508997,0.29633355140686035,embedding,ridge,Chl_a_log1p,16S,temporal_blocked_kfold,4,1150,287,42,...
0.7783955335617065,0.4286685131866519,0.3271902799606323,embedding,knn,Chl_a_log1p,16S,temporal_blocked_kfold,4,1150,287,42,...
-0.26106953620910645,1.0225908111314603,0.6956496238708496,raw,ridge,Chl_a_log1p,16S,temporal_blocked_kfold,4,1150,287,42,...
0.5896049737930298,0.583355644912003,0.4362277388572693,raw,knn,Chl_a_log1p,16S,temporal_blocked_kfold,4,1150,287,42,...
0.3889811635017395,0.3170324651357377,0.21584749221801758,embedding,ridge,Chl_a_log1p,16S,leave_one_site_out,0,1337,100,42,...
0.2450188398361206,0.352406971032184,0.2352036088705063,embedding,knn,Chl_a_log1p,16S,leave_one_site_out,0,1337,100,42,...
-0.17666172981262207,0.4399489255002194,0.35224810242652893,raw,ridge,Chl_a_log1p,16S,leave_one_site_out,0,1337,100,42,...
0.1420326828956604,0.37567457481289646,0.25493693351745605,raw,knn,Chl_a_log1p,16S,leave_one_site_out,0,1337,100,42,...
0.2008659839630127,0.32893294817286395,0.25823861360549927,embedding,ridge,Chl_a_log1p,16S,leave_one_site_out,1,1333,104,42,...
-0.08207571506500244,0.3827598496645392,0.2963372468948364,embedding,knn,Chl_a_log1p,16S,leave_one_site_out,1,1333,104,42,...
-1.0221571922302246,0.5232449362391786,0.40117865800857544,raw,ridge,Chl_a_log1p,16S,leave_one_site_out,1,1333,104,42,...
-0.035785675048828125,0.37448334866214905,0.28568917512893677,raw,knn,Chl_a_log1p,16S,leave_one_site_out,1,1333,104,42,...
0.16911786794662476,0.39050756596600106,0.2683362066745758,embedding,ridge,Chl_a_log1p,16S,leave_one_site_out,2,1337,100,42,...
-0.006418108940124512,0.4297827181652685,0.2979065775871277,embedding,knn,Chl_a_log1p,16S,leave_one_site_out,2,1337,100,42,...
-0.6417983770370483,0.5489334059767497,0.3998918831348419,raw,ridge,Chl_a_log1p,16S,leave_one_site_out,2,1337,100,42,...
-0.07455921173095703,0.4440940114490893,0.30742016434669495,raw,knn,Chl_a_log1p,16S,leave_one_site_out,2,1337,100,42,...
0.19947832822799683,0.3656370014275042,0.24464157223701477,embedding,ridge,Chl_a_log1p,16S,leave_one_site_out,3,1337,100,42,...
0.17188620567321777,0.3718849581499093,0.2687465250492096,embedding,knn,Chl_a_log1p,16S,leave_one_site_out,3,1337,100,42,...
-0.5125929117202759,0.5026024800273945,0.4118947982788086,raw,ridge,Chl_a_log1p,16S,leave_one_site_out,3,1337,100,42,...
-0.18392479419708252,0.4446575468085865,0.31304803490638733,raw,knn,Chl_a_log1p,16S,leave_one_site_out,3,1337,100,42,...
0.10586303472518921,0.4620563376681528,0.27499496936798096,embedding,ridge,Chl_a_log1p,16S,leave_one_site_out,4,1331,106,42,...
-0.019010543823242188,0.4932672222754079,0.3035461902618408,embedding,knn,Chl_a_log1p,16S,leave_one_site_out,4,1331,106,42,...
-0.47958827018737793,0.5943788410788691,0.43186816573143005,raw,ridge,Chl_a_log1p,16S,leave_one_site_out,4,1331,106,42,...
-0.0005178451538085938,0.4887708879236682,0.31640690565109253,raw,knn,Chl_a_log1p,16S,leave_one_site_out,4,1331,106,42,...
0.34932518005371094,0.586448649930087,0.4298824965953827,embedding,ridge,Chl_a_log1p,16S,leave_one_site_out,5,1334,103,42,...
0.10436689853668213,0.6880390264939071,0.5461560487747192,embedding,knn,Chl_a_log1p,16S,leave_one_site_out,5,1334,103,42,...
-44.68472671508789,4.9139815719563265,2.6507585048675537,raw,ridge,Chl_a_log1p,16S,leave_one_site_out,5,1334,103,42,...
-0.14367449283599854,0.777497894492779,0.6086007356643677,raw,knn,Chl_a_log1p,16S,leave_one_site_out,5,1334,103,42,...
0.6242913603782654,0.3472368518078593,0.2664242386817932,embedding,ridge,Chl_a_log1p,16S,leave_one_site_out,6,1332,105,42,...
0.5077046155929565,0.39747799548536683,0.3036127984523773,embedding,knn,Chl_a_log1p,16S,leave_one_site_out,6,1332,105,42,...
0.14870160818099976,0.5226863196693895,0.38663509488105774,raw,ridge,Chl_a_log1p,16S,leave_one_site_out,6,1332,105,42,...
0.13129323720932007,0.5280035341968163,0.4116150736808777,raw,knn,Chl_a_log1p,16S,leave_one_site_out,6,1332,105,42,...
0.7475358247756958,0.37502809260364495,0.2714690566062927,embedding,ridge,Chl_a_log1p,16S,leave_one_site_out,7,1333,104,42,...
0.6631776094436646,0.43317602845076086,0.3116954565048218,embedding,knn,Chl_a_log1p,16S,leave_one_site_out,7,1333,104,42,...
0.5025333762168884,0.5264363712288274,0.39460283517837524,raw,ridge,Chl_a_log1p,16S,leave_one_site_out,7,1333,104,42,...
0.5360763072967529,0.5083785496858172,0.3541296124458313,raw,knn,Chl_a_log1p,16S,leave_one_site_out,7,1333,104,42,...
0.6965982913970947,0.5455065362890102,0.329632431268692,embedding,ridge,Chl_a_log1p,16S,leave_one_site_out,8,1335,102,42,...
0.6653738021850586,0.5728895672255567,0.346671462059021,embedding,knn,Chl_a_log1p,16S,leave_one_site_out,8,1335,102,42,...
0.44476252794265747,0.7379557785260767,0.511544942855835,raw,ridge,Chl_a_log1p,16S,leave_one_site_out,8,1335,102,42,...
0.5479487180709839,0.6658629077323984,0.4377434551715851,raw,knn,Chl_a_log1p,16S,leave_one_site_out,8,1335,102,42,...
0.6221127510070801,0.5130851208317664,0.27916228771209717,embedding,ridge,Chl_a_log1p,16S,leave_one_site_out,9,1333,104,42,...
0.5876801013946533,0.535951455159796,0.29005905985832214,embedding,knn,Chl_a_log1p,16S,leave_one_site_out,9,1333,104,42,...
0.4564847946166992,0.6153386103416535,0.4425242245197296,raw,ridge,Chl_a_log1p,16S,leave_one_site_out,9,1333,104,42,...
0.4964951276779175,0.5922569526064597,0.3764176666736603,raw,knn,Chl_a_log1p,16S,leave_one_site_out,9,1333,104,42,...
0.8007888793945312,0.31659813937313996,0.25069910287857056,embedding,ridge,Chl_a_log1p,16S,leave_one_site_out,10,1333,104,42,...
0.6667861938476562,0.40946149567474693,0.30299627780914307,embedding,knn,Chl_a_log1p,16S,leave_one_site_out,10,1333,104,42,...
0.3103485703468323,0.5890693380834193,0.47904884815216064,raw,ridge,Chl_a_log1p,16S,leave_one_site_out,10,1333,104,42,...
0.6089351177215576,0.44358413309635175,0.350375235080719,raw,knn,Chl_a_log1p,16S,leave_one_site_out,10,1333,104,42,...
0.4262257218360901,0.7255582534622395,0.46516260504722595,embedding,ridge,Chl_a_log1p,16S,leave_one_site_out,11,1333,104,42,...
0.4688679575920105,0.6980764765939095,0.483387291431427,embedding,knn,Chl_a_log1p,16S,leave_one_site_out,11,1333,104,42,...
-0.4192798137664795,1.1411316673877137,0.7724349498748779,raw,ridge,Chl_a_log1p,16S,leave_one_site_out,11,1333,104,42,...
0.179570734500885,0.8676055381734444,0.5917719602584839,raw,knn,Chl_a_log1p,16S,leave_one_site_out,11,1333,104,42,...
0.3916371464729309,0.29410945073621114,0.22705957293510437,embedding,ridge,Chl_a_log1p,16S,leave_one_site_out,12,1338,99,42,...
0.2705162763595581,0.32205901024895234,0.242027148604393,embedding,knn,Chl_a_log1p,16S,leave_one_site_out,12,1338,99,42,...
-1.3641016483306885,0.5797766470417214,0.416501522064209,raw,ridge,Chl_a_log1p,16S,leave_one_site_out,12,1338,99,42,...
0.05465048551559448,0.366626493554336,0.259979784488678,raw,knn,Chl_a_log1p,16S,leave_one_site_out,12,1338,99,42,...
0.0542563796043396,0.4806106636925254,0.26033997535705566,embedding,ridge,Chl_a_log1p,16S,leave_one_site_out,13,1335,102,42,...
0.0025269389152526855,0.4935796969092653,0.26960593461990356,embedding,knn,Chl_a_log1p,16S,leave_one_site_out,13,1335,102,42,...
-1.0965776443481445,0.7155865421539372,0.4396716058254242,raw,ridge,Chl_a_log1p,16S,leave_one_site_out,13,1335,102,42,...
-0.012027859687805176,0.4971677163849705,0.3282378315925598,raw,knn,Chl_a_log1p,16S,leave_one_site_out,13,1335,102,42,...
0.7493108510971069,0.49704025867192486,0.30764397978782654,embedding,ridge,Chl_a_log1p,18S,random_kfold,0,1149,288,42,...
0.7197589874267578,0.5255204504772212,0.3305900990962982,embedding,knn,Chl_a_log1p,18S,random_kfold,0,1149,288,42,...
0.6848633289337158,0.557279735211669,0.3785710334777832,raw,ridge,Chl_a_log1p,18S,random_kfold,0,1149,288,42,...
0.6455053091049194,0.5910560326841084,0.417121559381485,raw,knn,Chl_a_log1p,18S,random_kfold,0,1149,288,42,...
0.7967882752418518,0.39437387179109035,0.2620956599712372,embedding,ridge,Chl_a_log1p,18S,random_kfold,1,1149,288,42,...
0.7668423652648926,0.42243373040759286,0.2900969386100769,embedding,knn,Chl_a_log1p,18S,random_kfold,1,1149,288,42,...
0.6694457530975342,0.5029851493994205,0.35689952969551086,raw,ridge,Chl_a_log1p,18S,random_kfold,1,1149,288,42,...
0.7047466039657593,0.4753693825858528,0.3414342701435089,raw,knn,Chl_a_log1p,18S,random_kfold,1,1149,288,42,...
0.8371405601501465,0.37999002076522603,0.2664923369884491,embedding,ridge,Chl_a_log1p,18S,random_kfold,2,1150,287,42,...
0.798321008682251,0.4228594384990656,0.29736652970314026,embedding,knn,Chl_a_log1p,18S,random_kfold,2,1150,287,42,...
0.7010879516601562,0.5147987160791156,0.3555392622947693,raw,ridge,Chl_a_log1p,18S,random_kfold,2,1150,287,42,...
0.6608700752258301,0.548338593696399,0.41304004192352295,raw,knn,Chl_a_log1p,18S,random_kfold,2,1150,287,42,...
0.8309626579284668,0.3866534707815743,0.2680988311767578,embedding,ridge,Chl_a_log1p,18S,random_kfold,3,1150,287,42,...
0.8137324452400208,0.4058814210750943,0.2761765420436859,embedding,knn,Chl_a_log1p,18S,random_kfold,3,1150,287,42,...
0.7537136077880859,0.46671393387834736,0.32680055499076843,raw,ridge,Chl_a_log1p,18S,random_kfold,3,1150,287,42,...
0.6765584945678711,0.5348456100712359,0.3679121136665344,raw,knn,Chl_a_log1p,18S,random_kfold,3,1150,287,42,...
0.7283693552017212,0.4926017955202128,0.3098801076412201,embedding,ridge,Chl_a_log1p,18S,random_kfold,4,1150,287,42,...
0.704822301864624,0.5135094273360197,0.32060566544532776,embedding,knn,Chl_a_log1p,18S,random_kfold,4,1150,287,42,...
0.3327445983886719,0.7720628332252991,0.4249681532382965,raw,ridge,Chl_a_log1p,18S,random_kfold,4,1150,287,42,...
0.5500584244728088,0.6339932951708032,0.4563543200492859,raw,knn,Chl_a_log1p,18S,random_kfold,4,1150,287,42,...
0.8450428247451782,0.3584579085814916,0.2566102147102356,embedding,ridge,Chl_a_log1p,18S,temporal_holdout,0,1150,287,42,...
0.8151425719261169,0.3915171734452356,0.2852228879928589,embedding,knn,Chl_a_log1p,18S,temporal_holdout,0,1150,287,42,...
-2.7607171535491943,1.7659064549633636,1.04388427734375,raw,ridge,Chl_a_log1p,18S,temporal_holdout,0,1150,287,42,...
0.6490439176559448,0.5394593864812295,0.40012800693511963,raw,knn,Chl_a_log1p,18S,temporal_holdout,0,1150,287,42,...
0.7478746771812439,0.5220846086422058,0.354131281375885,embedding,ridge,Chl_a_log1p,18S,temporal_blocked_kfold,0,1149,288,42,...
0.7143319845199585,0.5557294649542235,0.3971814513206482,embedding,knn,Chl_a_log1p,18S,temporal_blocked_kfold,0,1149,288,42,...
-113629.765625,350.4940151949816,34.9638557434082,raw,ridge,Chl_a_log1p,18S,temporal_blocked_kfold,0,1149,288,42,...
0.581106424331665,0.6729526305454707,0.49053922295570374,raw,knn,Chl_a_log1p,18S,temporal_blocked_kfold,0,1149,288,42,...
0.736625075340271,0.4966594594420783,0.36096450686454773,embedding,ridge,Chl_a_log1p,18S,temporal_blocked_kfold,1,1149,288,42,...
0.702470064163208,0.527882025765653,0.3756747245788574,embedding,knn,Chl_a_log1p,18S,temporal_blocked_kfold,1,1149,288,42,...
-377.7881774902344,18.8351776210267,8.232486724853516,raw,ridge,Chl_a_log1p,18S,temporal_blocked_kfold,1,1149,288,42,...
0.27441608905792236,0.8243570076205962,0.6024307608604431,raw,knn,Chl_a_log1p,18S,temporal_blocked_kfold,1,1149,288,42,...
0.5402824878692627,0.6020883020990153,0.39874348044395447,embedding,ridge,Chl_a_log1p,18S,temporal_blocked_kfold,2,1150,287,42,...
0.48201650381088257,0.6391056232779208,0.4494897425174713,embedding,knn,Chl_a_log1p,18S,temporal_blocked_kfold,2,1150,287,42,...
-255.19741821289062,14.213533018712253,4.784948348999023,raw,ridge,Chl_a_log1p,18S,temporal_blocked_kfold,2,1150,287,42,...
0.25073397159576416,0.7686571685441852,0.5574929714202881,raw,knn,Chl_a_log1p,18S,temporal_blocked_kfold,2,1150,287,42,...
0.4269413948059082,0.5031404516560323,0.41165125370025635,embedding,ridge,Chl_a_log1p,18S,temporal_blocked_kfold,3,1150,287,42,...
0.39558231830596924,0.516723618393611,0.3787024915218353,embedding,knn,Chl_a_log1p,18S,temporal_blocked_kfold,3,1150,287,42,...
-1.9195902347564697,1.135666140292439,0.7304604649543762,raw,ridge,Chl_a_log1p,18S,temporal_blocked_kfold,3,1150,287,42,...
-0.040901780128479004,0.67810134406953,0.5503590106964111,raw,knn,Chl_a_log1p,18S,temporal_blocked_kfold,3,1150,287,42,...
0.8450428247451782,0.3584579085814916,0.2566102147102356,embedding,ridge,Chl_a_log1p,18S,temporal_blocked_kfold,4,1150,287,42,...
0.8151425719261169,0.3915171734452356,0.2852228879928589,embedding,knn,Chl_a_log1p,18S,temporal_blocked_kfold,4,1150,287,42,...
-2.7607171535491943,1.7659064549633636,1.04388427734375,raw,ridge,Chl_a_log1p,18S,temporal_blocked_kfold,4,1150,287,42,...
0.6490439176559448,0.5394593864812295,0.40012800693511963,raw,knn,Chl_a_log1p,18S,temporal_blocked_kfold,4,1150,287,42,...
0.33248370885849,0.3313655575234714,0.2329007089138031,embedding,ridge,Chl_a_log1p,18S,leave_one_site_out,0,1337,100,42,...
0.2118901014328003,0.3600558176081061,0.24895286560058594,embedding,knn,Chl_a_log1p,18S,leave_one_site_out,0,1337,100,42,...
-0.4060535430908203,0.4809250099637425,0.3448393642902374,raw,ridge,Chl_a_log1p,18S,leave_one_site_out,0,1337,100,42,...
-0.35600781440734863,0.4722886823731806,0.3726488947868347,raw,knn,Chl_a_log1p,18S,leave_one_site_out,0,1337,100,42,...
0.2916632890701294,0.30968306019561587,0.25101128220558167,embedding,ridge,Chl_a_log1p,18S,leave_one_site_out,1,1333,104,42,...
0.016475915908813477,0.36491361598487515,0.27801594138145447,embedding,knn,Chl_a_log1p,18S,leave_one_site_out,1,1333,104,42,...
-0.5638409852981567,0.4601441198800029,0.3265730142593384,raw,ridge,Chl_a_log1p,18S,leave_one_site_out,1,1333,104,42,...
-0.8560490608215332,0.5012937734996799,0.4005618393421173,raw,knn,Chl_a_log1p,18S,leave_one_site_out,1,1333,104,42,...
0.18764203786849976,0.3861299328462682,0.26851144433021545,embedding,ridge,Chl_a_log1p,18S,leave_one_site_out,2,1337,100,42,...
0.02331453561782837,0.4233866031082779,0.2891767621040344,embedding,knn,Chl_a_log1p,18S,leave_one_site_out,2,1337,100,42,...
-0.31525278091430664,0.4913199059297381,0.3738856613636017,raw,ridge,Chl_a_log1p,18S,leave_one_site_out,2,1337,100,42,...
-0.26487135887145996,0.481817878969238,0.3573418855667114,raw,knn,Chl_a_log1p,18S,leave_one_site_out,2,1337,100,42,...
0.1822248101234436,0.36955627372808847,0.2445814460515976,embedding,ridge,Chl_a_log1p,18S,leave_one_site_out,3,1337,100,42,...
0.05829840898513794,0.3965703748818422,0.26548880338668823,embedding,knn,Chl_a_log1p,18S,leave_one_site_out,3,1337,100,42,...
-1.1924002170562744,0.6050949173155442,0.42200249433517456,raw,ridge,Chl_a_log1p,18S,leave_one_site_out,3,1337,100,42,...
-0.6965759992599487,0.5322923812065131,0.3973497152328491,raw,knn,Chl_a_log1p,18S,leave_one_site_out,3,1337,100,42,...
-0.004833698272705078,0.48982393325072704,0.28157666325569153,embedding,ridge,Chl_a_log1p,18S,leave_one_site_out,4,1331,106,42,...
-0.19979190826416016,0.5352366867316184,0.3133355677127838,embedding,knn,Chl_a_log1p,18S,leave_one_site_out,4,1331,106,42,...
-0.1741194725036621,0.5294793859472977,0.36406758427619934,raw,ridge,Chl_a_log1p,18S,leave_one_site_out,4,1331,106,42,...
-0.1871572732925415,0.5324110078997042,0.36810773611068726,raw,knn,Chl_a_log1p,18S,leave_one_site_out,4,1331,106,42,...
0.2995663285255432,0.6084592491851283,0.4834226667881012,embedding,ridge,Chl_a_log1p,18S,leave_one_site_out,5,1334,103,42,...
0.25290220975875854,0.6284008008957876,0.5000319480895996,embedding,knn,Chl_a_log1p,18S,leave_one_site_out,5,1334,103,42,...
-68.60334777832031,6.065450677818494,3.1318564414978027,raw,ridge,Chl_a_log1p,18S,leave_one_site_out,5,1334,103,42,...
-0.19324684143066406,0.7941693767516044,0.6146798729896545,raw,knn,Chl_a_log1p,18S,leave_one_site_out,5,1334,103,42,...
0.6314584612846375,0.34390892343205587,0.2446460723876953,embedding,ridge,Chl_a_log1p,18S,leave_one_site_out,6,1332,105,42,...
0.5395361185073853,0.3844129621166121,0.2711942493915558,embedding,knn,Chl_a_log1p,18S,leave_one_site_out,6,1332,105,42,...
0.18396919965744019,0.5117448698177093,0.3350534737110138,raw,ridge,Chl_a_log1p,18S,leave_one_site_out,6,1332,105,42,...
0.0129050612449646,0.5628331840056693,0.4427560567855835,raw,knn,Chl_a_log1p,18S,leave_one_site_out,6,1332,105,42,...
0.7305516004562378,0.3874375762188623,0.28065142035484314,embedding,ridge,Chl_a_log1p,18S,leave_one_site_out,7,1333,104,42,...
0.7603282928466797,0.3654031822423583,0.27132609486579895,embedding,knn,Chl_a_log1p,18S,leave_one_site_out,7,1333,104,42,...
-1.71634840965271,1.2301459963921255,0.49799904227256775,raw,ridge,Chl_a_log1p,18S,leave_one_site_out,7,1333,104,42,...
0.5010856986045837,0.5272018241632245,0.37985140085220337,raw,knn,Chl_a_log1p,18S,leave_one_site_out,7,1333,104,42,...
0.7483677864074707,0.4967914391076421,0.30529049038887024,embedding,ridge,Chl_a_log1p,18S,leave_one_site_out,8,1335,102,42,...
0.7041813135147095,0.5386464268549498,0.349365770816803,embedding,knn,Chl_a_log1p,18S,leave_one_site_out,8,1335,102,42,...
0.5683803558349609,0.6506412240972839,0.41261935234069824,raw,ridge,Chl_a_log1p,18S,leave_one_site_out,8,1335,102,42,...
0.5406227707862854,0.6712367108697166,0.46021705865859985,raw,knn,Chl_a_log1p,18S,leave_one_site_out,8,1335,102,42,...
0.5981935262680054,0.5290744778786325,0.30031687021255493,embedding,ridge,Chl_a_log1p,18S,leave_one_site_out,9,1333,104,42,...
0.5367525219917297,0.5680870111436029,0.3384127616882324,embedding,knn,Chl_a_log1p,18S,leave_one_site_out,9,1333,104,42,...
0.5316985249519348,0.5711774929032802,0.35214218497276306,raw,ridge,Chl_a_log1p,18S,leave_one_site_out,9,1333,104,42,...
0.4724143147468567,0.606254264973848,0.3897301256656647,raw,knn,Chl_a_log1p,18S,leave_one_site_out,9,1333,104,42,...
0.7954367399215698,0.3208229370827299,0.23207694292068481,embedding,ridge,Chl_a_log1p,18S,leave_one_site_out,10,1333,104,42,...
0.7741208076477051,0.3371240044665038,0.2371925264596939,embedding,knn,Chl_a_log1p,18S,leave_one_site_out,10,1333,104,42,...
0.6744794845581055,0.4047070877754846,0.3072924017906189,raw,ridge,Chl_a_log1p,18S,leave_one_site_out,10,1333,104,42,...
0.6496587991714478,0.41985297414047207,0.3040839433670044,raw,knn,Chl_a_log1p,18S,leave_one_site_out,10,1333,104,42,...
0.5170846581459045,0.6656366875567122,0.4509521722793579,embedding,ridge,Chl_a_log1p,18S,leave_one_site_out,11,1333,104,42,...
0.5585269927978516,0.6364346437889307,0.4472273290157318,embedding,knn,Chl_a_log1p,18S,leave_one_site_out,11,1333,104,42,...
0.2677198052406311,0.8196725801658182,0.5800480246543884,raw,ridge,Chl_a_log1p,18S,leave_one_site_out,11,1333,104,42,...
0.23061370849609375,0.840183171725445,0.5985715389251709,raw,knn,Chl_a_log1p,18S,leave_one_site_out,11,1333,104,42,...
0.37979578971862793,0.29695797061956,0.23060639202594757,embedding,ridge,Chl_a_log1p,18S,leave_one_site_out,12,1338,99,42,...
0.2490050196647644,0.3267729924991684,0.2479185312986374,embedding,knn,Chl_a_log1p,18S,leave_one_site_out,12,1338,99,42,...
0.09788262844085693,0.35814522677783256,0.2678389847278595,raw,ridge,Chl_a_log1p,18S,leave_one_site_out,12,1338,99,42,...
-0.6141384840011597,0.4790689655571864,0.35031574964523315,raw,knn,Chl_a_log1p,18S,leave_one_site_out,12,1338,99,42,...
0.13159781694412231,0.46053977553159003,0.24662582576274872,embedding,ridge,Chl_a_log1p,18S,leave_one_site_out,13,1335,102,42,...
0.011647522449493408,0.49131793455139766,0.2741505801677704,embedding,knn,Chl_a_log1p,18S,leave_one_site_out,13,1335,102,42,...
-0.48335790634155273,0.6019073835318383,0.3768027424812317,raw,ridge,Chl_a_log1p,18S,leave_one_site_out,13,1335,102,42,...
-0.37749969959259033,0.5800326807992906,0.3750230073928833,raw,knn,Chl_a_log1p,18S,leave_one_site_out,13,1335,102,42,...
0.746290922164917,0.5000250631249679,0.31456243991851807,embedding,ridge,Chl_a_log1p,16S+18S,random_kfold,0,1149,288,42,...
0.7127767205238342,0.5320268728829586,0.33850207924842834,embedding,knn,Chl_a_log1p,16S+18S,random_kfold,0,1149,288,42,...
0.7112768888473511,0.5334141631516357,0.3551848530769348,raw,ridge,Chl_a_log1p,16S+18S,random_kfold,0,1149,288,42,...
0.7023349404335022,0.5416112712508535,0.3540400266647339,raw,knn,Chl_a_log1p,16S+18S,random_kfold,0,1149,288,42,...
0.7995915412902832,0.3916442543407989,0.2656921446323395,embedding,ridge,Chl_a_log1p,16S+18S,random_kfold,1,1149,288,42,...
0.7666411995887756,0.4226159018332941,0.27946457266807556,embedding,knn,Chl_a_log1p,16S+18S,random_kfold,1,1149,288,42,...
0.6483834981918335,0.5187622631875547,0.3476344347000122,raw,ridge,Chl_a_log1p,16S+18S,random_kfold,1,1149,288,42,...
0.7152120471000671,0.46686848685689036,0.32624953985214233,raw,knn,Chl_a_log1p,16S+18S,random_kfold,1,1149,288,42,...
0.8460693955421448,0.36942661650903474,0.2509176731109619,embedding,ridge,Chl_a_log1p,16S+18S,random_kfold,2,1150,287,42,...
0.8345934152603149,0.38295007685844706,0.26714274287223816,embedding,knn,Chl_a_log1p,16S+18S,random_kfold,2,1150,287,42,...
0.6983640193939209,0.5171390038194691,0.3488307595252991,raw,ridge,Chl_a_log1p,16S+18S,random_kfold,2,1150,287,42,...
0.7784602642059326,0.44319163102621423,0.30905380845069885,raw,knn,Chl_a_log1p,16S+18S,random_kfold,2,1150,287,42,...
0.8476597666740417,0.367060700295075,0.24815934896469116,embedding,ridge,Chl_a_log1p,16S+18S,random_kfold,3,1150,287,42,...
0.8195260167121887,0.39951940513719325,0.2802876830101013,embedding,knn,Chl_a_log1p,16S+18S,random_kfold,3,1150,287,42,...
0.72257399559021,0.49534084226945985,0.3308205306529999,raw,ridge,Chl_a_log1p,16S+18S,random_kfold,3,1150,287,42,...
0.770531177520752,0.4504975733696956,0.3094048500061035,raw,knn,Chl_a_log1p,16S+18S,random_kfold,3,1150,287,42,...
0.7368295192718506,0.48486982727241873,0.3001837134361267,embedding,ridge,Chl_a_log1p,16S+18S,random_kfold,4,1150,287,42,...
0.7050238847732544,0.5133340108802997,0.31912514567375183,embedding,knn,Chl_a_log1p,16S+18S,random_kfold,4,1150,287,42,...
0.5979166626930237,0.5993281149004057,0.3845190405845642,raw,ridge,Chl_a_log1p,16S+18S,random_kfold,4,1150,287,42,...
0.662574052810669,0.5490297374818499,0.37643593549728394,raw,knn,Chl_a_log1p,16S+18S,random_kfold,4,1150,287,42,...
0.8522816300392151,0.34998515514840495,0.2620799243450165,embedding,ridge,Chl_a_log1p,16S+18S,temporal_holdout,0,1150,287,42,...
0.790429413318634,0.41686700733192145,0.31987905502319336,embedding,knn,Chl_a_log1p,16S+18S,temporal_holdout,0,1150,287,42,...
-0.5418628454208374,1.1307203770733263,0.7328216433525085,raw,ridge,Chl_a_log1p,16S+18S,temporal_holdout,0,1150,287,42,...
0.6802775859832764,0.514895269568668,0.3880995512008667,raw,knn,Chl_a_log1p,16S+18S,temporal_holdout,0,1150,287,42,...
0.7130769491195679,0.5569488742691309,0.43397077918052673,embedding,ridge,Chl_a_log1p,16S+18S,temporal_blocked_kfold,0,1149,288,42,...
0.7524526119232178,0.517323038832416,0.37461572885513306,embedding,knn,Chl_a_log1p,16S+18S,temporal_blocked_kfold,0,1149,288,42,...
-67552.7578125,270.24483979809867,27.831809997558594,raw,ridge,Chl_a_log1p,16S+18S,temporal_blocked_kfold,0,1149,288,42,...
0.48570626974105835,0.7456555502709081,0.5368421077728271,raw,knn,Chl_a_log1p,16S+18S,temporal_blocked_kfold,0,1149,288,42,...
0.7242609262466431,0.5081836224624905,0.37692344188690186,embedding,ridge,Chl_a_log1p,16S+18S,temporal_blocked_kfold,1,1149,288,42,...
0.6846165657043457,0.5434891930289177,0.38511985540390015,embedding,knn,Chl_a_log1p,16S+18S,temporal_blocked_kfold,1,1149,288,42,...
-477.35382080078125,21.166357964294573,9.142416000366211,raw,ridge,Chl_a_log1p,16S+18S,temporal_blocked_kfold,1,1149,288,42,...
0.4377923607826233,0.7256377703506485,0.5152225494384766,raw,knn,Chl_a_log1p,16S+18S,temporal_blocked_kfold,1,1149,288,42,...
0.5132039785385132,0.6195668579490119,0.4057265818119049,embedding,ridge,Chl_a_log1p,16S+18S,temporal_blocked_kfold,2,1150,287,42,...
0.39495688676834106,0.6907292300320971,0.4801334738731384,embedding,knn,Chl_a_log1p,16S+18S,temporal_blocked_kfold,2,1150,287,42,...
-122.6655044555664,9.875042106442073,3.6804070472717285,raw,ridge,Chl_a_log1p,16S+18S,temporal_blocked_kfold,2,1150,287,42,...
0.32362043857574463,0.7303144730625751,0.5111364126205444,raw,knn,Chl_a_log1p,16S+18S,temporal_blocked_kfold,2,1150,287,42,...
0.2829195261001587,0.5628253737464715,0.4616558849811554,embedding,ridge,Chl_a_log1p,16S+18S,temporal_blocked_kfold,3,1150,287,42,...
0.22432291507720947,0.585369674203852,0.4378657639026642,embedding,knn,Chl_a_log1p,16S+18S,temporal_blocked_kfold,3,1150,287,42,...
-28.459537506103516,3.6074697246589684,1.5692447423934937,raw,ridge,Chl_a_log1p,16S+18S,temporal_blocked_kfold,3,1150,287,42,...
0.22928786277770996,0.5834932335180943,0.4546435475349426,raw,knn,Chl_a_log1p,16S+18S,temporal_blocked_kfold,3,1150,287,42,...
0.8522816300392151,0.34998515514840495,0.2620799243450165,embedding,ridge,Chl_a_log1p,16S+18S,temporal_blocked_kfold,4,1150,287,42,...
0.790429413318634,0.41686700733192145,0.31987905502319336,embedding,knn,Chl_a_log1p,16S+18S,temporal_blocked_kfold,4,1150,287,42,...
-0.5418628454208374,1.1307203770733263,0.7328216433525085,raw,ridge,Chl_a_log1p,16S+18S,temporal_blocked_kfold,4,1150,287,42,...
0.6802775859832764,0.514895269568668,0.3880995512008667,raw,knn,Chl_a_log1p,16S+18S,temporal_blocked_kfold,4,1150,287,42,...
0.3468400239944458,0.32778284989736733,0.23427383601665497,embedding,ridge,Chl_a_log1p,16S+18S,leave_one_site_out,0,1337,100,42,...
0.35362517833709717,0.32607587669387483,0.22695907950401306,embedding,knn,Chl_a_log1p,16S+18S,leave_one_site_out,0,1337,100,42,...
-0.6758145093917847,0.5250364052547978,0.3452359735965729,raw,ridge,Chl_a_log1p,16S+18S,leave_one_site_out,0,1337,100,42,...
0.26863759756088257,0.3468508445645878,0.24661724269390106,raw,knn,Chl_a_log1p,16S+18S,leave_one_site_out,0,1337,100,42,...
0.22507500648498535,0.32391226886653723,0.2508164644241333,embedding,ridge,Chl_a_log1p,16S+18S,leave_one_site_out,1,1333,104,42,...
0.07337111234664917,0.35420156288265275,0.2756074070930481,embedding,knn,Chl_a_log1p,16S+18S,leave_one_site_out,1,1333,104,42,...
-0.36366748809814453,0.42968659834333667,0.32111087441444397,raw,ridge,Chl_a_log1p,16S+18S,leave_one_site_out,1,1333,104,42,...
0.16232991218566895,0.33677053296757875,0.266692578792572,raw,knn,Chl_a_log1p,16S+18S,leave_one_site_out,1,1333,104,42,...
0.21459835767745972,0.3796694433369189,0.25484389066696167,embedding,ridge,Chl_a_log1p,16S+18S,leave_one_site_out,2,1337,100,42,...
0.045974791049957275,0.4184462413487305,0.28936177492141724,embedding,knn,Chl_a_log1p,16S+18S,leave_one_site_out,2,1337,100,42,...
-0.364121675491333,0.5003642900908865,0.3617439270019531,raw,ridge,Chl_a_log1p,16S+18S,leave_one_site_out,2,1337,100,42,...
0.027734875679016113,0.4224274162153392,0.2903333902359009,raw,knn,Chl_a_log1p,16S+18S,leave_one_site_out,2,1337,100,42,...
0.12902158498764038,0.3813882334828485,0.24838529527187347,embedding,ridge,Chl_a_log1p,16S+18S,leave_one_site_out,3,1337,100,42,...
0.1245725154876709,0.382361087507315,0.25777778029441833,embedding,knn,Chl_a_log1p,16S+18S,leave_one_site_out,3,1337,100,42,...
-0.5698022842407227,0.5120190038022702,0.3581452965736389,raw,ridge,Chl_a_log1p,16S+18S,leave_one_site_out,3,1337,100,42,...
0.03597366809844971,0.40124353884905006,0.28062108159065247,raw,knn,Chl_a_log1p,16S+18S,leave_one_site_out,3,1337,100,42,...
0.10215848684310913,0.46301253439721696,0.2751454710960388,embedding,ridge,Chl_a_log1p,16S+18S,leave_one_site_out,4,1331,106,42,...
-0.08154964447021484,0.5081783444038809,0.3178243339061737,embedding,knn,Chl_a_log1p,16S+18S,leave_one_site_out,4,1331,106,42,...
-0.30544841289520264,0.5583065868727738,0.3825948238372803,raw,ridge,Chl_a_log1p,16S+18S,leave_one_site_out,4,1331,106,42,...
0.08466535806655884,0.46750134416886746,0.307159960269928,raw,knn,Chl_a_log1p,16S+18S,leave_one_site_out,4,1331,106,42,...
0.328185498714447,0.5958990556531792,0.45480164885520935,embedding,ridge,Chl_a_log1p,16S+18S,leave_one_site_out,5,1334,103,42,...
0.16119599342346191,0.6658528372311483,0.5192856788635254,embedding,knn,Chl_a_log1p,16S+18S,leave_one_site_out,5,1334,103,42,...
-88.22534942626953,6.867396641173223,3.5833821296691895,raw,ridge,Chl_a_log1p,16S+18S,leave_one_site_out,5,1334,103,42,...
-0.15033185482025146,0.7797575236890404,0.5980652570724487,raw,knn,Chl_a_log1p,16S+18S,leave_one_site_out,5,1334,103,42,...
0.6250646114349365,0.3468793589515708,0.2515780031681061,embedding,ridge,Chl_a_log1p,16S+18S,leave_one_site_out,6,1332,105,42,...
0.5560485124588013,0.3774574148082214,0.2788633108139038,embedding,knn,Chl_a_log1p,16S+18S,leave_one_site_out,6,1332,105,42,...
-0.7846425771713257,0.7567908095164683,0.37404483556747437,raw,ridge,Chl_a_log1p,16S+18S,leave_one_site_out,6,1332,105,42,...
0.3259284496307373,0.4651073702039387,0.35674214363098145,raw,knn,Chl_a_log1p,16S+18S,leave_one_site_out,6,1332,105,42,...
0.781924843788147,0.34855155104632823,0.24110037088394165,embedding,ridge,Chl_a_log1p,16S+18S,leave_one_site_out,7,1333,104,42,...
0.6927564740180969,0.4137188186881726,0.2775347828865051,embedding,knn,Chl_a_log1p,16S+18S,leave_one_site_out,7,1333,104,42,...
-0.020875096321105957,0.754136993990655,0.40556982159614563,raw,ridge,Chl_a_log1p,16S+18S,leave_one_site_out,7,1333,104,42,...
0.6424890756607056,0.4462811659233271,0.31646570563316345,raw,knn,Chl_a_log1p,16S+18S,leave_one_site_out,7,1333,104,42,...
0.7473021745681763,0.4978421706836139,0.28703004121780396,embedding,ridge,Chl_a_log1p,16S+18S,leave_one_site_out,8,1335,102,42,...
0.6780943274497986,0.5618951512543179,0.3438984453678131,embedding,knn,Chl_a_log1p,16S+18S,leave_one_site_out,8,1335,102,42,...
0.6110665798187256,0.6176303047658017,0.38915252685546875,raw,ridge,Chl_a_log1p,16S+18S,leave_one_site_out,8,1335,102,42,...
0.5102145671844482,0.6930968096394795,0.4463406503200531,raw,knn,Chl_a_log1p,16S+18S,leave_one_site_out,8,1335,102,42,...
0.5921909809112549,0.5330117130101877,0.27395081520080566,embedding,ridge,Chl_a_log1p,16S+18S,leave_one_site_out,9,1333,104,42,...
0.6030423045158386,0.5258724740006024,0.30200526118278503,embedding,knn,Chl_a_log1p,16S+18S,leave_one_site_out,9,1333,104,42,...
0.5699743032455444,0.5473379083311344,0.33511263132095337,raw,ridge,Chl_a_log1p,16S+18S,leave_one_site_out,9,1333,104,42,...
0.564069926738739,0.551082636843086,0.3328181803226471,raw,knn,Chl_a_log1p,16S+18S,leave_one_site_out,9,1333,104,42,...
0.83251953125,0.29029109549481036,0.22454217076301575,embedding,ridge,Chl_a_log1p,16S+18S,leave_one_site_out,10,1333,104,42,...
0.7681777477264404,0.34153024355369827,0.25751379132270813,embedding,knn,Chl_a_log1p,16S+18S,leave_one_site_out,10,1333,104,42,...
0.6891326904296875,0.39549330696538454,0.304300457239151,raw,ridge,Chl_a_log1p,16S+18S,leave_one_site_out,10,1333,104,42,...
0.625282883644104,0.4342135561604631,0.33729445934295654,raw,knn,Chl_a_log1p,16S+18S,leave_one_site_out,10,1333,104,42,...
0.5126086473464966,0.6687143637173137,0.43276339769363403,embedding,ridge,Chl_a_log1p,16S+18S,leave_one_site_out,11,1333,104,42,...
0.5238597393035889,0.6609509216460885,0.4482773244380951,embedding,knn,Chl_a_log1p,16S+18S,leave_one_site_out,11,1333,104,42,...
0.13671022653579712,0.8899795803663619,0.590299129486084,raw,ridge,Chl_a_log1p,16S+18S,leave_one_site_out,11,1333,104,42,...
0.2459065318107605,0.8317912297304939,0.6045584082603455,raw,knn,Chl_a_log1p,16S+18S,leave_one_site_out,11,1333,104,42,...
0.411393940448761,0.2892943818275679,0.2211237996816635,embedding,ridge,Chl_a_log1p,16S+18S,leave_one_site_out,12,1338,99,42,...
0.2991980314254761,0.31566417469862457,0.22329078614711761,embedding,knn,Chl_a_log1p,16S+18S,leave_one_site_out,12,1338,99,42,...
-0.24208009243011475,0.4202448822426967,0.2861846089363098,raw,ridge,Chl_a_log1p,16S+18S,leave_one_site_out,12,1338,99,42,...
-0.005618095397949219,0.37813264980932537,0.2845696806907654,raw,knn,Chl_a_log1p,16S+18S,leave_one_site_out,12,1338,99,42,...
0.1457371711730957,0.45677513706292283,0.24144816398620605,embedding,ridge,Chl_a_log1p,16S+18S,leave_one_site_out,13,1335,102,42,...
-0.04277634620666504,0.5046639475331359,0.2867225706577301,embedding,knn,Chl_a_log1p,16S+18S,leave_one_site_out,13,1335,102,42,...
-0.5473536252975464,0.6147541654631051,0.3683433532714844,raw,ridge,Chl_a_log1p,16S+18S,leave_one_site_out,13,1335,102,42,...
-0.2286689281463623,0.5478026560341218,0.3378381133079529,raw,knn,Chl_a_log1p,16S+18S,leave_one_site_out,13,1335,102,42,...
